"Step","llama3-8b-baseline - train/ploss_6","llama3-8b-baseline - train/ploss_6__MIN","llama3-8b-baseline - train/ploss_6__MAX","llama3-8b-ours - train/ploss_6","llama3-8b-ours - train/ploss_6__MIN","llama3-8b-ours - train/ploss_6__MAX"
"10","1.3044501543045044","1.3044501543045044","1.3044501543045044","1.304471731185913","1.304471731185913","1.304471731185913"
"20","2.0183258056640625","2.0183258056640625","2.0183258056640625","2.018324851989746","2.018324851989746","2.018324851989746"
"30","2.372091770172119","2.372091770172119","2.372091770172119","2.3720927238464355","2.3720927238464355","2.3720927238464355"
"40","3.4298439025878906","3.4298439025878906","3.4298439025878906","3.42984676361084","3.42984676361084","3.42984676361084"
"50","2.2582602500915527","2.2582602500915527","2.2582602500915527","2.2582602500915527","2.2582602500915527","2.2582602500915527"
"60","2.5742709636688232","2.5742709636688232","2.5742709636688232","2.574183225631714","2.574183225631714","2.574183225631714"
"70","2.1604878902435303","2.1604878902435303","2.1604878902435303","2.160254955291748","2.160254955291748","2.160254955291748"
"80","1.5549949407577515","1.5549949407577515","1.5549949407577515","1.5548770427703857","1.5548770427703857","1.5548770427703857"
"90","2.288691282272339","2.288691282272339","2.288691282272339","2.2882370948791504","2.2882370948791504","2.2882370948791504"
"100","2.5803897380828857","2.5803897380828857","2.5803897380828857","2.5803442001342773","2.5803442001342773","2.5803442001342773"
"110","1.453359603881836","1.453359603881836","1.453359603881836","1.4507999420166016","1.4507999420166016","1.4507999420166016"
"120","2.0518739223480225","2.0518739223480225","2.0518739223480225","2.0502266883850098","2.0502266883850098","2.0502266883850098"
"130","1.0729973316192627","1.0729973316192627","1.0729973316192627","1.0735797882080078","1.0735797882080078","1.0735797882080078"
"140","2.046253204345703","2.046253204345703","2.046253204345703","2.0422019958496094","2.0422019958496094","2.0422019958496094"
"150","1.7048381567001343","1.7048381567001343","1.7048381567001343","1.6993459463119507","1.6993459463119507","1.6993459463119507"
"160","1.5454126596450806","1.5454126596450806","1.5454126596450806","1.5384302139282227","1.5384302139282227","1.5384302139282227"
"170","1.900277853012085","1.900277853012085","1.900277853012085","1.8914490938186646","1.8914490938186646","1.8914490938186646"
"180","1.9096264839172363","1.9096264839172363","1.9096264839172363","1.9026901721954346","1.9026901721954346","1.9026901721954346"
"190","1.6848337650299072","1.6848337650299072","1.6848337650299072","1.6845752000808716","1.6845752000808716","1.6845752000808716"
"200","1.6047674417495728","1.6047674417495728","1.6047674417495728","1.6058950424194336","1.6058950424194336","1.6058950424194336"
"210","1.0723536014556885","1.0723536014556885","1.0723536014556885","1.0643374919891357","1.0643374919891357","1.0643374919891357"
"220","1.1056557893753052","1.1056557893753052","1.1056557893753052","1.1057621240615845","1.1057621240615845","1.1057621240615845"
"230","2.218965530395508","2.218965530395508","2.218965530395508","2.216459274291992","2.216459274291992","2.216459274291992"
"240","1.3004107475280762","1.3004107475280762","1.3004107475280762","1.2926703691482544","1.2926703691482544","1.2926703691482544"
"250","1.6124297380447388","1.6124297380447388","1.6124297380447388","1.6133408546447754","1.6133408546447754","1.6133408546447754"
"260","1.2124371528625488","1.2124371528625488","1.2124371528625488","1.209075689315796","1.209075689315796","1.209075689315796"
"270","1.7089256048202515","1.7089256048202515","1.7089256048202515","1.7086849212646484","1.7086849212646484","1.7086849212646484"
"280","1.8243502378463745","1.8243502378463745","1.8243502378463745","1.8239647150039673","1.8239647150039673","1.8239647150039673"
"290","1.7989003658294678","1.7989003658294678","1.7989003658294678","1.783347487449646","1.783347487449646","1.783347487449646"
"300","1.075005054473877","1.075005054473877","1.075005054473877","1.0741621255874634","1.0741621255874634","1.0741621255874634"
"310","0.9992239475250244","0.9992239475250244","0.9992239475250244","1.0006048679351807","1.0006048679351807","1.0006048679351807"
"320","1.4482955932617188","1.4482955932617188","1.4482955932617188","1.444546103477478","1.444546103477478","1.444546103477478"
"330","1.5287752151489258","1.5287752151489258","1.5287752151489258","1.5294525623321533","1.5294525623321533","1.5294525623321533"
"340","1.337323546409607","1.337323546409607","1.337323546409607","1.3228447437286377","1.3228447437286377","1.3228447437286377"
"350","1.7118347883224487","1.7118347883224487","1.7118347883224487","1.7153700590133667","1.7153700590133667","1.7153700590133667"
"360","1.7199984788894653","1.7199984788894653","1.7199984788894653","1.7196682691574097","1.7196682691574097","1.7196682691574097"
"370","1.5197614431381226","1.5197614431381226","1.5197614431381226","1.521572470664978","1.521572470664978","1.521572470664978"
"380","1.6052813529968262","1.6052813529968262","1.6052813529968262","1.5927356481552124","1.5927356481552124","1.5927356481552124"
"390","1.3963994979858398","1.3963994979858398","1.3963994979858398","1.3860338926315308","1.3860338926315308","1.3860338926315308"
"400","1.3843287229537964","1.3843287229537964","1.3843287229537964","1.3877898454666138","1.3877898454666138","1.3877898454666138"
"410","0.8889139890670776","0.8889139890670776","0.8889139890670776","0.8860621452331543","0.8860621452331543","0.8860621452331543"
"420","1.2116259336471558","1.2116259336471558","1.2116259336471558","1.212775707244873","1.212775707244873","1.212775707244873"
"430","1.2405309677124023","1.2405309677124023","1.2405309677124023","1.2407467365264893","1.2407467365264893","1.2407467365264893"
"440","1.1280206441879272","1.1280206441879272","1.1280206441879272","1.1288318634033203","1.1288318634033203","1.1288318634033203"
"450","1.1690254211425781","1.1690254211425781","1.1690254211425781","1.16690194606781","1.16690194606781","1.16690194606781"
"460","1.0948197841644287","1.0948197841644287","1.0948197841644287","1.1065194606781006","1.1065194606781006","1.1065194606781006"
"470","1.4716721773147583","1.4716721773147583","1.4716721773147583","1.4725877046585083","1.4725877046585083","1.4725877046585083"
"480","1.0348145961761475","1.0348145961761475","1.0348145961761475","1.0416314601898193","1.0416314601898193","1.0416314601898193"
"490","1.2493462562561035","1.2493462562561035","1.2493462562561035","1.2497156858444214","1.2497156858444214","1.2497156858444214"
"500","1.7513165473937988","1.7513165473937988","1.7513165473937988","1.7577706575393677","1.7577706575393677","1.7577706575393677"
"510","1.213718295097351","1.213718295097351","1.213718295097351","1.2142406702041626","1.2142406702041626","1.2142406702041626"
"520","1.2581692934036255","1.2581692934036255","1.2581692934036255","1.2538471221923828","1.2538471221923828","1.2538471221923828"
"530","1.954679012298584","1.954679012298584","1.954679012298584","1.9543561935424805","1.9543561935424805","1.9543561935424805"
"540","1.580363154411316","1.580363154411316","1.580363154411316","1.5783534049987793","1.5783534049987793","1.5783534049987793"
"550","1.0945056676864624","1.0945056676864624","1.0945056676864624","1.0917848348617554","1.0917848348617554","1.0917848348617554"
"560","1.4082276821136475","1.4082276821136475","1.4082276821136475","1.399846076965332","1.399846076965332","1.399846076965332"
"570","0.9630577564239502","0.9630577564239502","0.9630577564239502","0.9548090696334839","0.9548090696334839","0.9548090696334839"
"580","1.2195045948028564","1.2195045948028564","1.2195045948028564","1.2228920459747314","1.2228920459747314","1.2228920459747314"
"590","1.1670637130737305","1.1670637130737305","1.1670637130737305","1.16951322555542","1.16951322555542","1.16951322555542"
"600","2.0945796966552734","2.0945796966552734","2.0945796966552734","2.0900392532348633","2.0900392532348633","2.0900392532348633"
"610","1.1866005659103394","1.1866005659103394","1.1866005659103394","1.1857680082321167","1.1857680082321167","1.1857680082321167"
"620","1.2393765449523926","1.2393765449523926","1.2393765449523926","1.2364881038665771","1.2364881038665771","1.2364881038665771"
"630","1.3955519199371338","1.3955519199371338","1.3955519199371338","1.3931419849395752","1.3931419849395752","1.3931419849395752"
"640","1.2915825843811035","1.2915825843811035","1.2915825843811035","1.2922570705413818","1.2922570705413818","1.2922570705413818"
"650","1.2203797101974487","1.2203797101974487","1.2203797101974487","1.2158257961273193","1.2158257961273193","1.2158257961273193"
"660","1.1733592748641968","1.1733592748641968","1.1733592748641968","1.1678271293640137","1.1678271293640137","1.1678271293640137"
"670","1.069805383682251","1.069805383682251","1.069805383682251","1.0635714530944824","1.0635714530944824","1.0635714530944824"
"680","1.0759303569793701","1.0759303569793701","1.0759303569793701","1.0682318210601807","1.0682318210601807","1.0682318210601807"
"690","1.2057316303253174","1.2057316303253174","1.2057316303253174","1.1985015869140625","1.1985015869140625","1.1985015869140625"
"700","0.9362988471984863","0.9362988471984863","0.9362988471984863","0.9348608255386353","0.9348608255386353","0.9348608255386353"
"710","1.2752400636672974","1.2752400636672974","1.2752400636672974","1.2767843008041382","1.2767843008041382","1.2767843008041382"
"720","0.7137662172317505","0.7137662172317505","0.7137662172317505","0.7089391946792603","0.7089391946792603","0.7089391946792603"
"730","1.6487538814544678","1.6487538814544678","1.6487538814544678","1.6477410793304443","1.6477410793304443","1.6477410793304443"
"740","1.0869473218917847","1.0869473218917847","1.0869473218917847","1.0951728820800781","1.0951728820800781","1.0951728820800781"
"750","1.0880990028381348","1.0880990028381348","1.0880990028381348","1.0810590982437134","1.0810590982437134","1.0810590982437134"
"760","0.9148485064506531","0.9148485064506531","0.9148485064506531","0.9136776328086853","0.9136776328086853","0.9136776328086853"
"770","0.9842098951339722","0.9842098951339722","0.9842098951339722","0.9901847839355469","0.9901847839355469","0.9901847839355469"
"780","1.2365460395812988","1.2365460395812988","1.2365460395812988","1.2345480918884277","1.2345480918884277","1.2345480918884277"
"790","1.0694912672042847","1.0694912672042847","1.0694912672042847","1.0710796117782593","1.0710796117782593","1.0710796117782593"
"800","0.8167352080345154","0.8167352080345154","0.8167352080345154","0.8189820647239685","0.8189820647239685","0.8189820647239685"
"810","0.9871726036071777","0.9871726036071777","0.9871726036071777","0.9888253211975098","0.9888253211975098","0.9888253211975098"
"820","1.3253389596939087","1.3253389596939087","1.3253389596939087","1.3356175422668457","1.3356175422668457","1.3356175422668457"
"830","1.0359729528427124","1.0359729528427124","1.0359729528427124","1.0376594066619873","1.0376594066619873","1.0376594066619873"
"840","1.30818772315979","1.30818772315979","1.30818772315979","1.3049938678741455","1.3049938678741455","1.3049938678741455"
"850","0.7175112366676331","0.7175112366676331","0.7175112366676331","0.7152685523033142","0.7152685523033142","0.7152685523033142"
"860","1.4040586948394775","1.4040586948394775","1.4040586948394775","1.400562047958374","1.400562047958374","1.400562047958374"
"870","0.9808155298233032","0.9808155298233032","0.9808155298233032","0.9843289852142334","0.9843289852142334","0.9843289852142334"
"880","1.2820552587509155","1.2820552587509155","1.2820552587509155","1.2798378467559814","1.2798378467559814","1.2798378467559814"
"890","1.4758288860321045","1.4758288860321045","1.4758288860321045","1.4693615436553955","1.4693615436553955","1.4693615436553955"
"900","1.1807475090026855","1.1807475090026855","1.1807475090026855","1.1771854162216187","1.1771854162216187","1.1771854162216187"
"910","0.9591670036315918","0.9591670036315918","0.9591670036315918","0.9569274187088013","0.9569274187088013","0.9569274187088013"
"920","1.1037821769714355","1.1037821769714355","1.1037821769714355","1.1004635095596313","1.1004635095596313","1.1004635095596313"
"930","0.7924714088439941","0.7924714088439941","0.7924714088439941","0.7927294373512268","0.7927294373512268","0.7927294373512268"
"940","1.0626922845840454","1.0626922845840454","1.0626922845840454","1.0607264041900635","1.0607264041900635","1.0607264041900635"
"950","0.6510846614837646","0.6510846614837646","0.6510846614837646","0.6547033786773682","0.6547033786773682","0.6547033786773682"
"960","1.1917929649353027","1.1917929649353027","1.1917929649353027","1.188122272491455","1.188122272491455","1.188122272491455"
"970","0.9906560778617859","0.9906560778617859","0.9906560778617859","0.988991916179657","0.988991916179657","0.988991916179657"
"980","1.1482670307159424","1.1482670307159424","1.1482670307159424","1.1485215425491333","1.1485215425491333","1.1485215425491333"
"990","0.9070479869842529","0.9070479869842529","0.9070479869842529","0.9039504528045654","0.9039504528045654","0.9039504528045654"
"1000","0.9161685705184937","0.9161685705184937","0.9161685705184937","0.9132252931594849","0.9132252931594849","0.9132252931594849"
"1010","0.9216846227645874","0.9216846227645874","0.9216846227645874","0.9220291376113892","0.9220291376113892","0.9220291376113892"
"1020","1.5782150030136108","1.5782150030136108","1.5782150030136108","1.583394169807434","1.583394169807434","1.583394169807434"
"1030","1.2712024450302124","1.2712024450302124","1.2712024450302124","1.2697645425796509","1.2697645425796509","1.2697645425796509"
"1040","0.966995120048523","0.966995120048523","0.966995120048523","0.9665948152542114","0.9665948152542114","0.9665948152542114"
"1050","1.647322654724121","1.647322654724121","1.647322654724121","1.6400322914123535","1.6400322914123535","1.6400322914123535"
"1060","1.3940417766571045","1.3940417766571045","1.3940417766571045","1.394148349761963","1.394148349761963","1.394148349761963"
"1070","1.1594445705413818","1.1594445705413818","1.1594445705413818","1.166611671447754","1.166611671447754","1.166611671447754"
"1080","1.2241437435150146","1.2241437435150146","1.2241437435150146","1.221472978591919","1.221472978591919","1.221472978591919"
"1090","1.1715044975280762","1.1715044975280762","1.1715044975280762","1.1733753681182861","1.1733753681182861","1.1733753681182861"
"1100","1.2972207069396973","1.2972207069396973","1.2972207069396973","1.2967853546142578","1.2967853546142578","1.2967853546142578"
"1110","1.477099895477295","1.477099895477295","1.477099895477295","1.4922680854797363","1.4922680854797363","1.4922680854797363"
"1120","1.0858843326568604","1.0858843326568604","1.0858843326568604","1.0878161191940308","1.0878161191940308","1.0878161191940308"
"1130","0.7324087619781494","0.7324087619781494","0.7324087619781494","0.739785373210907","0.739785373210907","0.739785373210907"
"1140","0.571216344833374","0.571216344833374","0.571216344833374","0.5705064535140991","0.5705064535140991","0.5705064535140991"
"1150","1.0818350315093994","1.0818350315093994","1.0818350315093994","1.0786511898040771","1.0786511898040771","1.0786511898040771"
"1160","0.8716903328895569","0.8716903328895569","0.8716903328895569","0.8652496933937073","0.8652496933937073","0.8652496933937073"
"1170","0.817613959312439","0.817613959312439","0.817613959312439","0.8185632228851318","0.8185632228851318","0.8185632228851318"
"1180","1.1601645946502686","1.1601645946502686","1.1601645946502686","1.1542376279830933","1.1542376279830933","1.1542376279830933"
"1190","1.1501375436782837","1.1501375436782837","1.1501375436782837","1.146583080291748","1.146583080291748","1.146583080291748"
"1200","1.2235891819000244","1.2235891819000244","1.2235891819000244","1.2216575145721436","1.2216575145721436","1.2216575145721436"
"1210","0.9869767427444458","0.9869767427444458","0.9869767427444458","0.9906266331672668","0.9906266331672668","0.9906266331672668"
"1220","0.8496599793434143","0.8496599793434143","0.8496599793434143","0.8514397740364075","0.8514397740364075","0.8514397740364075"
"1230","1.6127325296401978","1.6127325296401978","1.6127325296401978","1.6036471128463745","1.6036471128463745","1.6036471128463745"
"1240","1.3042465448379517","1.3042465448379517","1.3042465448379517","1.3019437789916992","1.3019437789916992","1.3019437789916992"
"1250","0.8576947450637817","0.8576947450637817","0.8576947450637817","0.8531748652458191","0.8531748652458191","0.8531748652458191"
"1260","1.0082685947418213","1.0082685947418213","1.0082685947418213","1.0087710618972778","1.0087710618972778","1.0087710618972778"
"1270","1.1703189611434937","1.1703189611434937","1.1703189611434937","1.1638765335083008","1.1638765335083008","1.1638765335083008"
"1280","1.078212857246399","1.078212857246399","1.078212857246399","1.0824815034866333","1.0824815034866333","1.0824815034866333"
"1290","1.069580316543579","1.069580316543579","1.069580316543579","1.0643956661224365","1.0643956661224365","1.0643956661224365"
"1300","0.9969610571861267","0.9969610571861267","0.9969610571861267","0.9932281970977783","0.9932281970977783","0.9932281970977783"
"1310","1.1835906505584717","1.1835906505584717","1.1835906505584717","1.183339238166809","1.183339238166809","1.183339238166809"
"1320","0.9513188004493713","0.9513188004493713","0.9513188004493713","0.9559450149536133","0.9559450149536133","0.9559450149536133"
"1330","0.8805287480354309","0.8805287480354309","0.8805287480354309","0.8871021866798401","0.8871021866798401","0.8871021866798401"
"1340","0.8964922428131104","0.8964922428131104","0.8964922428131104","0.8899413347244263","0.8899413347244263","0.8899413347244263"
"1350","1.0877060890197754","1.0877060890197754","1.0877060890197754","1.0804896354675293","1.0804896354675293","1.0804896354675293"
"1360","0.8371831178665161","0.8371831178665161","0.8371831178665161","0.8432945013046265","0.8432945013046265","0.8432945013046265"
"1370","0.958885908126831","0.958885908126831","0.958885908126831","0.959830641746521","0.959830641746521","0.959830641746521"
"1380","1.1324694156646729","1.1324694156646729","1.1324694156646729","1.1322919130325317","1.1322919130325317","1.1322919130325317"
"1390","0.8630167245864868","0.8630167245864868","0.8630167245864868","0.8613121509552002","0.8613121509552002","0.8613121509552002"
"1400","1.4164233207702637","1.4164233207702637","1.4164233207702637","1.4200690984725952","1.4200690984725952","1.4200690984725952"
"1410","0.9177134037017822","0.9177134037017822","0.9177134037017822","0.9231002330780029","0.9231002330780029","0.9231002330780029"
"1420","0.8754338026046753","0.8754338026046753","0.8754338026046753","0.8757300972938538","0.8757300972938538","0.8757300972938538"
"1430","1.1265299320220947","1.1265299320220947","1.1265299320220947","1.1293362379074097","1.1293362379074097","1.1293362379074097"
"1440","0.9475559592247009","0.9475559592247009","0.9475559592247009","0.9481414556503296","0.9481414556503296","0.9481414556503296"
"1450","1.1698453426361084","1.1698453426361084","1.1698453426361084","1.1714129447937012","1.1714129447937012","1.1714129447937012"
"1460","0.8938847780227661","0.8938847780227661","0.8938847780227661","0.8995715379714966","0.8995715379714966","0.8995715379714966"
"1470","1.0464751720428467","1.0464751720428467","1.0464751720428467","1.0387556552886963","1.0387556552886963","1.0387556552886963"
"1480","1.3527711629867554","1.3527711629867554","1.3527711629867554","1.3505816459655762","1.3505816459655762","1.3505816459655762"
"1490","0.6272525191307068","0.6272525191307068","0.6272525191307068","0.631099283695221","0.631099283695221","0.631099283695221"
"1500","0.9533530473709106","0.9533530473709106","0.9533530473709106","0.9540017247200012","0.9540017247200012","0.9540017247200012"
"1510","0.8091429471969604","0.8091429471969604","0.8091429471969604","0.8078480958938599","0.8078480958938599","0.8078480958938599"
"1520","1.0181025266647339","1.0181025266647339","1.0181025266647339","1.0210477113723755","1.0210477113723755","1.0210477113723755"
"1530","1.2079856395721436","1.2079856395721436","1.2079856395721436","1.2115386724472046","1.2115386724472046","1.2115386724472046"
"1540","0.9019871950149536","0.9019871950149536","0.9019871950149536","0.903901219367981","0.903901219367981","0.903901219367981"
"1550","0.6482378840446472","0.6482378840446472","0.6482378840446472","0.6501107215881348","0.6501107215881348","0.6501107215881348"
"1560","1.5884976387023926","1.5884976387023926","1.5884976387023926","1.5852954387664795","1.5852954387664795","1.5852954387664795"
"1570","1.0133872032165527","1.0133872032165527","1.0133872032165527","1.0098429918289185","1.0098429918289185","1.0098429918289185"
"1580","1.1564489603042603","1.1564489603042603","1.1564489603042603","1.1566914319992065","1.1566914319992065","1.1566914319992065"
"1590","0.9632025361061096","0.9632025361061096","0.9632025361061096","0.9650562405586243","0.9650562405586243","0.9650562405586243"
"1600","0.9916480183601379","0.9916480183601379","0.9916480183601379","0.9927113652229309","0.9927113652229309","0.9927113652229309"
"1610","1.1133403778076172","1.1133403778076172","1.1133403778076172","1.1201125383377075","1.1201125383377075","1.1201125383377075"
"1620","1.3212860822677612","1.3212860822677612","1.3212860822677612","1.322666883468628","1.322666883468628","1.322666883468628"
"1630","1.0473986864089966","1.0473986864089966","1.0473986864089966","1.052655577659607","1.052655577659607","1.052655577659607"
"1640","0.8943469524383545","0.8943469524383545","0.8943469524383545","0.8920743465423584","0.8920743465423584","0.8920743465423584"
"1650","1.1646900177001953","1.1646900177001953","1.1646900177001953","1.1684048175811768","1.1684048175811768","1.1684048175811768"
"1660","0.9264577627182007","0.9264577627182007","0.9264577627182007","0.9249032139778137","0.9249032139778137","0.9249032139778137"
"1670","1.4989373683929443","1.4989373683929443","1.4989373683929443","1.5127712488174438","1.5127712488174438","1.5127712488174438"
"1680","1.0765533447265625","1.0765533447265625","1.0765533447265625","1.0783448219299316","1.0783448219299316","1.0783448219299316"
"1690","0.7761018872261047","0.7761018872261047","0.7761018872261047","0.7775241136550903","0.7775241136550903","0.7775241136550903"
"1700","1.2212092876434326","1.2212092876434326","1.2212092876434326","1.2257825136184692","1.2257825136184692","1.2257825136184692"
"1710","0.97630774974823","0.97630774974823","0.97630774974823","0.9857584238052368","0.9857584238052368","0.9857584238052368"
"1720","0.8848249912261963","0.8848249912261963","0.8848249912261963","0.888079047203064","0.888079047203064","0.888079047203064"
"1730","0.8106657862663269","0.8106657862663269","0.8106657862663269","0.8120602369308472","0.8120602369308472","0.8120602369308472"
"1740","1.175497055053711","1.175497055053711","1.175497055053711","1.1755189895629883","1.1755189895629883","1.1755189895629883"
"1750","0.7476162314414978","0.7476162314414978","0.7476162314414978","0.744270384311676","0.744270384311676","0.744270384311676"
"1760","1.0073509216308594","1.0073509216308594","1.0073509216308594","1.014901041984558","1.014901041984558","1.014901041984558"
"1770","0.48874855041503906","0.48874855041503906","0.48874855041503906","0.4904453754425049","0.4904453754425049","0.4904453754425049"
"1780","1.0306944847106934","1.0306944847106934","1.0306944847106934","1.0348342657089233","1.0348342657089233","1.0348342657089233"
"1790","0.8863803148269653","0.8863803148269653","0.8863803148269653","0.8881611824035645","0.8881611824035645","0.8881611824035645"
"1800","0.7403039932250977","0.7403039932250977","0.7403039932250977","0.7433590292930603","0.7433590292930603","0.7433590292930603"
"1810","0.8203765749931335","0.8203765749931335","0.8203765749931335","0.8204451203346252","0.8204451203346252","0.8204451203346252"
"1820","0.8602451086044312","0.8602451086044312","0.8602451086044312","0.8633763194084167","0.8633763194084167","0.8633763194084167"
"1830","1.013242483139038","1.013242483139038","1.013242483139038","1.0140583515167236","1.0140583515167236","1.0140583515167236"
"1840","1.0635027885437012","1.0635027885437012","1.0635027885437012","1.0571849346160889","1.0571849346160889","1.0571849346160889"
"1850","0.808867335319519","0.808867335319519","0.808867335319519","0.8086417317390442","0.8086417317390442","0.8086417317390442"
"1860","0.8332133293151855","0.8332133293151855","0.8332133293151855","0.8351525664329529","0.8351525664329529","0.8351525664329529"
"1870","0.7655807137489319","0.7655807137489319","0.7655807137489319","0.7675062417984009","0.7675062417984009","0.7675062417984009"
"1880","1.0727418661117554","1.0727418661117554","1.0727418661117554","1.0795003175735474","1.0795003175735474","1.0795003175735474"
"1890","0.8261414766311646","0.8261414766311646","0.8261414766311646","0.8266826868057251","0.8266826868057251","0.8266826868057251"
"1900","0.933797299861908","0.933797299861908","0.933797299861908","0.943322479724884","0.943322479724884","0.943322479724884"
"1910","0.7885984778404236","0.7885984778404236","0.7885984778404236","0.7920887470245361","0.7920887470245361","0.7920887470245361"
"1920","0.8206116557121277","0.8206116557121277","0.8206116557121277","0.8138605356216431","0.8138605356216431","0.8138605356216431"
"1930","0.7216156721115112","0.7216156721115112","0.7216156721115112","0.7223907709121704","0.7223907709121704","0.7223907709121704"
"1940","0.811295747756958","0.811295747756958","0.811295747756958","0.8094199895858765","0.8094199895858765","0.8094199895858765"
"1950","0.7089627385139465","0.7089627385139465","0.7089627385139465","0.7150666117668152","0.7150666117668152","0.7150666117668152"
"1960","0.5293107628822327","0.5293107628822327","0.5293107628822327","0.532429575920105","0.532429575920105","0.532429575920105"
"1970","0.8268418908119202","0.8268418908119202","0.8268418908119202","0.828603208065033","0.828603208065033","0.828603208065033"
"1980","0.5258965492248535","0.5258965492248535","0.5258965492248535","0.5286023616790771","0.5286023616790771","0.5286023616790771"
"1990","0.4757629930973053","0.4757629930973053","0.4757629930973053","0.4755074977874756","0.4755074977874756","0.4755074977874756"
"2000","0.5866943001747131","0.5866943001747131","0.5866943001747131","0.5844866633415222","0.5844866633415222","0.5844866633415222"
"2010","0.8173478841781616","0.8173478841781616","0.8173478841781616","0.8175032734870911","0.8175032734870911","0.8175032734870911"
"2020","0.7146020531654358","0.7146020531654358","0.7146020531654358","0.7195739150047302","0.7195739150047302","0.7195739150047302"
"2030","0.8895190954208374","0.8895190954208374","0.8895190954208374","0.8936863541603088","0.8936863541603088","0.8936863541603088"
"2040","1.0908129215240479","1.0908129215240479","1.0908129215240479","1.0891960859298706","1.0891960859298706","1.0891960859298706"
"2050","0.8636423349380493","0.8636423349380493","0.8636423349380493","0.8641669750213623","0.8641669750213623","0.8641669750213623"
"2060","0.6389606595039368","0.6389606595039368","0.6389606595039368","0.641842782497406","0.641842782497406","0.641842782497406"
"2070","1.132957935333252","1.132957935333252","1.132957935333252","1.1329991817474365","1.1329991817474365","1.1329991817474365"
"2080","0.8572796583175659","0.8572796583175659","0.8572796583175659","0.8542760014533997","0.8542760014533997","0.8542760014533997"
"2090","0.7738234400749207","0.7738234400749207","0.7738234400749207","0.7730008959770203","0.7730008959770203","0.7730008959770203"
"2100","0.47898319363594055","0.47898319363594055","0.47898319363594055","0.4828055500984192","0.4828055500984192","0.4828055500984192"
"2110","0.8179905414581299","0.8179905414581299","0.8179905414581299","0.818354606628418","0.818354606628418","0.818354606628418"
"2120","0.668018102645874","0.668018102645874","0.668018102645874","0.6697708368301392","0.6697708368301392","0.6697708368301392"
"2130","0.9489865303039551","0.9489865303039551","0.9489865303039551","0.9498920440673828","0.9498920440673828","0.9498920440673828"
"2140","0.5446974039077759","0.5446974039077759","0.5446974039077759","0.5398722290992737","0.5398722290992737","0.5398722290992737"
"2150","1.0708205699920654","1.0708205699920654","1.0708205699920654","1.0716567039489746","1.0716567039489746","1.0716567039489746"
"2160","0.7278711199760437","0.7278711199760437","0.7278711199760437","0.7256969809532166","0.7256969809532166","0.7256969809532166"
"2170","0.7951861023902893","0.7951861023902893","0.7951861023902893","0.801287055015564","0.801287055015564","0.801287055015564"
"2180","0.41037285327911377","0.41037285327911377","0.41037285327911377","0.40830469131469727","0.40830469131469727","0.40830469131469727"
"2190","0.5871434211730957","0.5871434211730957","0.5871434211730957","0.5846467018127441","0.5846467018127441","0.5846467018127441"
"2200","0.7542850971221924","0.7542850971221924","0.7542850971221924","0.7566425800323486","0.7566425800323486","0.7566425800323486"
"2210","0.868534505367279","0.868534505367279","0.868534505367279","0.864240288734436","0.864240288734436","0.864240288734436"
"2220","0.9373581409454346","0.9373581409454346","0.9373581409454346","0.9307427406311035","0.9307427406311035","0.9307427406311035"
"2230","1.1524317264556885","1.1524317264556885","1.1524317264556885","1.1496270895004272","1.1496270895004272","1.1496270895004272"
"2240","1.0268914699554443","1.0268914699554443","1.0268914699554443","1.0251591205596924","1.0251591205596924","1.0251591205596924"
"2250","1.136357069015503","1.136357069015503","1.136357069015503","1.137562870979309","1.137562870979309","1.137562870979309"
"2260","0.925624668598175","0.925624668598175","0.925624668598175","0.918898344039917","0.918898344039917","0.918898344039917"
"2270","1.082639217376709","1.082639217376709","1.082639217376709","1.0810378789901733","1.0810378789901733","1.0810378789901733"
"2280","0.9599863290786743","0.9599863290786743","0.9599863290786743","0.9509122967720032","0.9509122967720032","0.9509122967720032"
"2290","0.864058256149292","0.864058256149292","0.864058256149292","0.8598960638046265","0.8598960638046265","0.8598960638046265"
"2300","0.7990224361419678","0.7990224361419678","0.7990224361419678","0.7927817106246948","0.7927817106246948","0.7927817106246948"
"2310","0.7834483981132507","0.7834483981132507","0.7834483981132507","0.7841885685920715","0.7841885685920715","0.7841885685920715"
"2320","0.7896630764007568","0.7896630764007568","0.7896630764007568","0.7811787128448486","0.7811787128448486","0.7811787128448486"
"2330","0.858673632144928","0.858673632144928","0.858673632144928","0.8433202505111694","0.8433202505111694","0.8433202505111694"
"2340","0.789190411567688","0.789190411567688","0.789190411567688","0.7883427143096924","0.7883427143096924","0.7883427143096924"
"2350","0.9041255712509155","0.9041255712509155","0.9041255712509155","0.902294397354126","0.902294397354126","0.902294397354126"
"2360","0.33987557888031006","0.33987557888031006","0.33987557888031006","0.31704211235046387","0.31704211235046387","0.31704211235046387"
"2370","0.4801570177078247","0.4801570177078247","0.4801570177078247","0.4754042625427246","0.4754042625427246","0.4754042625427246"
"2380","0.6443424820899963","0.6443424820899963","0.6443424820899963","0.6448701024055481","0.6448701024055481","0.6448701024055481"
"2390","0.7892377972602844","0.7892377972602844","0.7892377972602844","0.7821955680847168","0.7821955680847168","0.7821955680847168"
"2400","0.7741552591323853","0.7741552591323853","0.7741552591323853","0.779354453086853","0.779354453086853","0.779354453086853"
"2410","0.8199507594108582","0.8199507594108582","0.8199507594108582","0.8172013759613037","0.8172013759613037","0.8172013759613037"
"2420","0.8892282247543335","0.8892282247543335","0.8892282247543335","0.883022665977478","0.883022665977478","0.883022665977478"
"2430","0.7591845989227295","0.7591845989227295","0.7591845989227295","0.7627914547920227","0.7627914547920227","0.7627914547920227"
"2440","0.6687792539596558","0.6687792539596558","0.6687792539596558","0.6692849397659302","0.6692849397659302","0.6692849397659302"
"2450","0.8025563359260559","0.8025563359260559","0.8025563359260559","0.8017688989639282","0.8017688989639282","0.8017688989639282"
"2460","1.1125679016113281","1.1125679016113281","1.1125679016113281","1.1157814264297485","1.1157814264297485","1.1157814264297485"
"2470","0.7770346403121948","0.7770346403121948","0.7770346403121948","0.7703484892845154","0.7703484892845154","0.7703484892845154"
"2480","0.9535142183303833","0.9535142183303833","0.9535142183303833","0.9506576657295227","0.9506576657295227","0.9506576657295227"
"2490","0.6859379410743713","0.6859379410743713","0.6859379410743713","0.6835917234420776","0.6835917234420776","0.6835917234420776"
"2500","0.7623150944709778","0.7623150944709778","0.7623150944709778","0.7623667120933533","0.7623667120933533","0.7623667120933533"
"2510","0.5449376106262207","0.5449376106262207","0.5449376106262207","0.5436993837356567","0.5436993837356567","0.5436993837356567"
"2520","0.770430326461792","0.770430326461792","0.770430326461792","0.7524306774139404","0.7524306774139404","0.7524306774139404"
"2530","0.7975437045097351","0.7975437045097351","0.7975437045097351","0.7917759418487549","0.7917759418487549","0.7917759418487549"
"2540","0.49772846698760986","0.49772846698760986","0.49772846698760986","0.4984849691390991","0.4984849691390991","0.4984849691390991"
"2550","0.9853323698043823","0.9853323698043823","0.9853323698043823","0.9846004843711853","0.9846004843711853","0.9846004843711853"
"2560","0.8926743268966675","0.8926743268966675","0.8926743268966675","0.8890268206596375","0.8890268206596375","0.8890268206596375"
"2570","0.35675331950187683","0.35675331950187683","0.35675331950187683","0.35463008284568787","0.35463008284568787","0.35463008284568787"
"2580","0.7865254878997803","0.7865254878997803","0.7865254878997803","0.7914438843727112","0.7914438843727112","0.7914438843727112"
"2590","0.6941452026367188","0.6941452026367188","0.6941452026367188","0.691957950592041","0.691957950592041","0.691957950592041"
"2600","0.7534659504890442","0.7534659504890442","0.7534659504890442","0.7602092623710632","0.7602092623710632","0.7602092623710632"
"2610","0.7791869640350342","0.7791869640350342","0.7791869640350342","0.7837371230125427","0.7837371230125427","0.7837371230125427"
"2620","0.394906610250473","0.394906610250473","0.394906610250473","0.3972425162792206","0.3972425162792206","0.3972425162792206"
"2630","0.6241567134857178","0.6241567134857178","0.6241567134857178","0.6178666949272156","0.6178666949272156","0.6178666949272156"
"2640","0.9599413871765137","0.9599413871765137","0.9599413871765137","0.9602454304695129","0.9602454304695129","0.9602454304695129"
"2650","0.7330825328826904","0.7330825328826904","0.7330825328826904","0.7334256172180176","0.7334256172180176","0.7334256172180176"
"2660","0.6268075704574585","0.6268075704574585","0.6268075704574585","0.6246360540390015","0.6246360540390015","0.6246360540390015"
"2670","0.8772077560424805","0.8772077560424805","0.8772077560424805","0.8739880919456482","0.8739880919456482","0.8739880919456482"
"2680","0.6864404678344727","0.6864404678344727","0.6864404678344727","0.6809402108192444","0.6809402108192444","0.6809402108192444"
"2690","0.7344849705696106","0.7344849705696106","0.7344849705696106","0.7353043556213379","0.7353043556213379","0.7353043556213379"
"2700","0.9767589569091797","0.9767589569091797","0.9767589569091797","0.9780934453010559","0.9780934453010559","0.9780934453010559"
"2710","0.6192448139190674","0.6192448139190674","0.6192448139190674","0.6164292693138123","0.6164292693138123","0.6164292693138123"
"2720","0.7854198217391968","0.7854198217391968","0.7854198217391968","0.7852190136909485","0.7852190136909485","0.7852190136909485"
"2730","0.686525821685791","0.686525821685791","0.686525821685791","0.6831188201904297","0.6831188201904297","0.6831188201904297"
"2740","0.5973231196403503","0.5973231196403503","0.5973231196403503","0.5888545513153076","0.5888545513153076","0.5888545513153076"
"2750","0.6055833101272583","0.6055833101272583","0.6055833101272583","0.6015682816505432","0.6015682816505432","0.6015682816505432"
"2760","0.4470670819282532","0.4470670819282532","0.4470670819282532","0.4460292160511017","0.4460292160511017","0.4460292160511017"
"2770","0.6217862367630005","0.6217862367630005","0.6217862367630005","0.6198635697364807","0.6198635697364807","0.6198635697364807"
"2780","0.7439801096916199","0.7439801096916199","0.7439801096916199","0.7467567324638367","0.7467567324638367","0.7467567324638367"
"2790","0.7409467697143555","0.7409467697143555","0.7409467697143555","0.7429677248001099","0.7429677248001099","0.7429677248001099"
"2800","0.8638172149658203","0.8638172149658203","0.8638172149658203","0.8651491403579712","0.8651491403579712","0.8651491403579712"
"2810","0.7159069180488586","0.7159069180488586","0.7159069180488586","0.7111843228340149","0.7111843228340149","0.7111843228340149"
"2820","0.6767842173576355","0.6767842173576355","0.6767842173576355","0.6731677651405334","0.6731677651405334","0.6731677651405334"
"2830","0.6079347133636475","0.6079347133636475","0.6079347133636475","0.6079027652740479","0.6079027652740479","0.6079027652740479"
"2840","0.7800692915916443","0.7800692915916443","0.7800692915916443","0.7811853289604187","0.7811853289604187","0.7811853289604187"
"2850","0.6089504957199097","0.6089504957199097","0.6089504957199097","0.6078400611877441","0.6078400611877441","0.6078400611877441"
"2860","0.6928231120109558","0.6928231120109558","0.6928231120109558","0.6889885663986206","0.6889885663986206","0.6889885663986206"
"2870","0.7679977416992188","0.7679977416992188","0.7679977416992188","0.7674769163131714","0.7674769163131714","0.7674769163131714"
"2880","0.5469091534614563","0.5469091534614563","0.5469091534614563","0.5475615859031677","0.5475615859031677","0.5475615859031677"
"2890","0.674813449382782","0.674813449382782","0.674813449382782","0.6713215708732605","0.6713215708732605","0.6713215708732605"
"2900","0.7112441658973694","0.7112441658973694","0.7112441658973694","0.7270470857620239","0.7270470857620239","0.7270470857620239"
"2910","0.710845947265625","0.710845947265625","0.710845947265625","0.7164446711540222","0.7164446711540222","0.7164446711540222"
"2920","0.7371825575828552","0.7371825575828552","0.7371825575828552","0.7366799116134644","0.7366799116134644","0.7366799116134644"
"2930","0.6942352652549744","0.6942352652549744","0.6942352652549744","0.6906276345252991","0.6906276345252991","0.6906276345252991"
"2940","0.603740930557251","0.603740930557251","0.603740930557251","0.6070196032524109","0.6070196032524109","0.6070196032524109"
"2950","0.839796781539917","0.839796781539917","0.839796781539917","0.8409931659698486","0.8409931659698486","0.8409931659698486"
"2960","0.6224165558815002","0.6224165558815002","0.6224165558815002","0.6157003045082092","0.6157003045082092","0.6157003045082092"
"2970","0.8509427309036255","0.8509427309036255","0.8509427309036255","0.8505749702453613","0.8505749702453613","0.8505749702453613"
"2980","0.9123855829238892","0.9123855829238892","0.9123855829238892","0.9082401990890503","0.9082401990890503","0.9082401990890503"
"2990","0.4901387095451355","0.4901387095451355","0.4901387095451355","0.4863595962524414","0.4863595962524414","0.4863595962524414"
"3000","0.5435065031051636","0.5435065031051636","0.5435065031051636","0.5416136384010315","0.5416136384010315","0.5416136384010315"
"3010","0.4799402952194214","0.4799402952194214","0.4799402952194214","0.4751335382461548","0.4751335382461548","0.4751335382461548"
"3020","0.7003098130226135","0.7003098130226135","0.7003098130226135","0.694225013256073","0.694225013256073","0.694225013256073"
"3030","0.6510037183761597","0.6510037183761597","0.6510037183761597","0.6522029638290405","0.6522029638290405","0.6522029638290405"
"3040","0.8023128509521484","0.8023128509521484","0.8023128509521484","0.8050641417503357","0.8050641417503357","0.8050641417503357"
"3050","0.8462812304496765","0.8462812304496765","0.8462812304496765","0.8419359922409058","0.8419359922409058","0.8419359922409058"
"3060","0.6000214219093323","0.6000214219093323","0.6000214219093323","0.6038915514945984","0.6038915514945984","0.6038915514945984"
"3070","0.5506295561790466","0.5506295561790466","0.5506295561790466","0.547201931476593","0.547201931476593","0.547201931476593"
"3080","0.8890109658241272","0.8890109658241272","0.8890109658241272","0.8897636532783508","0.8897636532783508","0.8897636532783508"
"3090","0.8893650770187378","0.8893650770187378","0.8893650770187378","0.8805046081542969","0.8805046081542969","0.8805046081542969"
"3100","0.4652950167655945","0.4652950167655945","0.4652950167655945","0.46270477771759033","0.46270477771759033","0.46270477771759033"
"3110","0.6754482984542847","0.6754482984542847","0.6754482984542847","0.6720101237297058","0.6720101237297058","0.6720101237297058"
"3120","0.7020267248153687","0.7020267248153687","0.7020267248153687","0.6990188360214233","0.6990188360214233","0.6990188360214233"
"3130","0.6396481394767761","0.6396481394767761","0.6396481394767761","0.6367375254631042","0.6367375254631042","0.6367375254631042"
"3140","0.6762210130691528","0.6762210130691528","0.6762210130691528","0.6973156929016113","0.6973156929016113","0.6973156929016113"
"3150","0.9251565933227539","0.9251565933227539","0.9251565933227539","0.9138287305831909","0.9138287305831909","0.9138287305831909"
"3160","0.9741671085357666","0.9741671085357666","0.9741671085357666","0.976886510848999","0.976886510848999","0.976886510848999"
"3170","0.7975376844406128","0.7975376844406128","0.7975376844406128","0.7948712706565857","0.7948712706565857","0.7948712706565857"
"3180","0.5464808344841003","0.5464808344841003","0.5464808344841003","0.5430437922477722","0.5430437922477722","0.5430437922477722"
"3190","0.6053709387779236","0.6053709387779236","0.6053709387779236","0.6008995771408081","0.6008995771408081","0.6008995771408081"
"3200","0.7133252620697021","0.7133252620697021","0.7133252620697021","0.7176350355148315","0.7176350355148315","0.7176350355148315"
"3210","0.7893905639648438","0.7893905639648438","0.7893905639648438","0.7873489856719971","0.7873489856719971","0.7873489856719971"
"3220","0.654570460319519","0.654570460319519","0.654570460319519","0.6553199291229248","0.6553199291229248","0.6553199291229248"
"3230","0.6069966554641724","0.6069966554641724","0.6069966554641724","0.6064700484275818","0.6064700484275818","0.6064700484275818"
"3240","0.9932413697242737","0.9932413697242737","0.9932413697242737","0.9877058863639832","0.9877058863639832","0.9877058863639832"
"3250","0.6800707578659058","0.6800707578659058","0.6800707578659058","0.6726797223091125","0.6726797223091125","0.6726797223091125"
"3260","0.6561176180839539","0.6561176180839539","0.6561176180839539","0.6524655818939209","0.6524655818939209","0.6524655818939209"
"3270","0.5543596148490906","0.5543596148490906","0.5543596148490906","0.5401647090911865","0.5401647090911865","0.5401647090911865"
"3280","0.6747651100158691","0.6747651100158691","0.6747651100158691","0.6644299626350403","0.6644299626350403","0.6644299626350403"
"3290","0.6916118860244751","0.6916118860244751","0.6916118860244751","0.6803230047225952","0.6803230047225952","0.6803230047225952"
"3300","0.6850512027740479","0.6850512027740479","0.6850512027740479","0.6830583810806274","0.6830583810806274","0.6830583810806274"
"3310","0.6814896464347839","0.6814896464347839","0.6814896464347839","0.6816987991333008","0.6816987991333008","0.6816987991333008"
"3320","0.804225504398346","0.804225504398346","0.804225504398346","0.8000379800796509","0.8000379800796509","0.8000379800796509"
"3330","0.48699235916137695","0.48699235916137695","0.48699235916137695","0.48341667652130127","0.48341667652130127","0.48341667652130127"
"3340","0.8104504346847534","0.8104504346847534","0.8104504346847534","0.8121994137763977","0.8121994137763977","0.8121994137763977"
"3350","0.5726994276046753","0.5726994276046753","0.5726994276046753","0.5659473538398743","0.5659473538398743","0.5659473538398743"
"3360","0.6646637916564941","0.6646637916564941","0.6646637916564941","0.6688212156295776","0.6688212156295776","0.6688212156295776"
"3370","0.5489161014556885","0.5489161014556885","0.5489161014556885","0.5448380708694458","0.5448380708694458","0.5448380708694458"
"3380","0.4964142441749573","0.4964142441749573","0.4964142441749573","0.4958120286464691","0.4958120286464691","0.4958120286464691"
"3390","0.4926859736442566","0.4926859736442566","0.4926859736442566","0.48780357837677","0.48780357837677","0.48780357837677"
"3400","0.5891155004501343","0.5891155004501343","0.5891155004501343","0.5976954698562622","0.5976954698562622","0.5976954698562622"
"3410","0.5084092617034912","0.5084092617034912","0.5084092617034912","0.5081319808959961","0.5081319808959961","0.5081319808959961"
"3420","1.071395754814148","1.071395754814148","1.071395754814148","1.0631859302520752","1.0631859302520752","1.0631859302520752"
"3430","0.8180280327796936","0.8180280327796936","0.8180280327796936","0.8214515447616577","0.8214515447616577","0.8214515447616577"
"3440","1.0133262872695923","1.0133262872695923","1.0133262872695923","1.0098544359207153","1.0098544359207153","1.0098544359207153"
"3450","0.9127854108810425","0.9127854108810425","0.9127854108810425","0.9051492214202881","0.9051492214202881","0.9051492214202881"
"3460","0.766191840171814","0.766191840171814","0.766191840171814","0.762469470500946","0.762469470500946","0.762469470500946"
"3470","0.5040581226348877","0.5040581226348877","0.5040581226348877","0.5001935958862305","0.5001935958862305","0.5001935958862305"
"3480","0.5420713424682617","0.5420713424682617","0.5420713424682617","0.5360447764396667","0.5360447764396667","0.5360447764396667"
"3490","0.6836333274841309","0.6836333274841309","0.6836333274841309","0.6813933849334717","0.6813933849334717","0.6813933849334717"
"3500","0.43120864033699036","0.43120864033699036","0.43120864033699036","0.4280080199241638","0.4280080199241638","0.4280080199241638"
"3510","0.9091501235961914","0.9091501235961914","0.9091501235961914","0.903681755065918","0.903681755065918","0.903681755065918"
"3520","0.7270230650901794","0.7270230650901794","0.7270230650901794","0.7206080555915833","0.7206080555915833","0.7206080555915833"
"3530","0.690946638584137","0.690946638584137","0.690946638584137","0.6842625141143799","0.6842625141143799","0.6842625141143799"
"3540","0.2447875291109085","0.2447875291109085","0.2447875291109085","0.2404210865497589","0.2404210865497589","0.2404210865497589"
"3550","0.6106189489364624","0.6106189489364624","0.6106189489364624","0.6064356565475464","0.6064356565475464","0.6064356565475464"
"3560","0.6004160046577454","0.6004160046577454","0.6004160046577454","0.6014407873153687","0.6014407873153687","0.6014407873153687"
"3570","0.8607103824615479","0.8607103824615479","0.8607103824615479","0.8603196740150452","0.8603196740150452","0.8603196740150452"
"3580","0.6999152898788452","0.6999152898788452","0.6999152898788452","0.6990824937820435","0.6990824937820435","0.6990824937820435"
"3590","0.5578503608703613","0.5578503608703613","0.5578503608703613","0.5588568449020386","0.5588568449020386","0.5588568449020386"
"3600","0.4071178436279297","0.4071178436279297","0.4071178436279297","0.4043772220611572","0.4043772220611572","0.4043772220611572"
"3610","0.6329923272132874","0.6329923272132874","0.6329923272132874","0.6347079873085022","0.6347079873085022","0.6347079873085022"
"3620","0.4804721772670746","0.4804721772670746","0.4804721772670746","0.47633683681488037","0.47633683681488037","0.47633683681488037"
"3630","0.9396978616714478","0.9396978616714478","0.9396978616714478","0.9387040138244629","0.9387040138244629","0.9387040138244629"
"3640","0.49715882539749146","0.49715882539749146","0.49715882539749146","0.49797528982162476","0.49797528982162476","0.49797528982162476"
"3650","0.688341498374939","0.688341498374939","0.688341498374939","0.6853557229042053","0.6853557229042053","0.6853557229042053"
"3660","0.6382584571838379","0.6382584571838379","0.6382584571838379","0.6457598805427551","0.6457598805427551","0.6457598805427551"
"3670","0.8784370422363281","0.8784370422363281","0.8784370422363281","0.8725849390029907","0.8725849390029907","0.8725849390029907"
"3680","0.6633049249649048","0.6633049249649048","0.6633049249649048","0.6648006439208984","0.6648006439208984","0.6648006439208984"
"3690","0.8493213653564453","0.8493213653564453","0.8493213653564453","0.845920741558075","0.845920741558075","0.845920741558075"
"3700","0.6283146142959595","0.6283146142959595","0.6283146142959595","0.6254960298538208","0.6254960298538208","0.6254960298538208"
"3710","0.49464696645736694","0.49464696645736694","0.49464696645736694","0.498049259185791","0.498049259185791","0.498049259185791"
"3720","0.6121901273727417","0.6121901273727417","0.6121901273727417","0.6102601289749146","0.6102601289749146","0.6102601289749146"
"3730","0.7169451713562012","0.7169451713562012","0.7169451713562012","0.7171710133552551","0.7171710133552551","0.7171710133552551"
"3740","0.5619534254074097","0.5619534254074097","0.5619534254074097","0.5672274231910706","0.5672274231910706","0.5672274231910706"
"3750","0.7309011220932007","0.7309011220932007","0.7309011220932007","0.7308803200721741","0.7308803200721741","0.7308803200721741"
"3760","0.6958168745040894","0.6958168745040894","0.6958168745040894","0.6913467049598694","0.6913467049598694","0.6913467049598694"
"3770","0.8299124240875244","0.8299124240875244","0.8299124240875244","0.8308371305465698","0.8308371305465698","0.8308371305465698"
"3780","0.5936447978019714","0.5936447978019714","0.5936447978019714","0.5907262563705444","0.5907262563705444","0.5907262563705444"
"3790","0.5734149813652039","0.5734149813652039","0.5734149813652039","0.5666801929473877","0.5666801929473877","0.5666801929473877"
"3800","0.5890976190567017","0.5890976190567017","0.5890976190567017","0.589162290096283","0.589162290096283","0.589162290096283"
"3810","0.6844578981399536","0.6844578981399536","0.6844578981399536","0.682610273361206","0.682610273361206","0.682610273361206"
"3820","0.8165627717971802","0.8165627717971802","0.8165627717971802","0.8160881400108337","0.8160881400108337","0.8160881400108337"
"3830","0.609932005405426","0.609932005405426","0.609932005405426","0.6194403767585754","0.6194403767585754","0.6194403767585754"
"3840","0.5869481563568115","0.5869481563568115","0.5869481563568115","0.581566333770752","0.581566333770752","0.581566333770752"
"3850","0.5058860778808594","0.5058860778808594","0.5058860778808594","0.5023725628852844","0.5023725628852844","0.5023725628852844"
"3860","0.7336950898170471","0.7336950898170471","0.7336950898170471","0.7312303781509399","0.7312303781509399","0.7312303781509399"
"3870","0.5294948816299438","0.5294948816299438","0.5294948816299438","0.531259298324585","0.531259298324585","0.531259298324585"
"3880","0.8706938028335571","0.8706938028335571","0.8706938028335571","0.8620898127555847","0.8620898127555847","0.8620898127555847"
"3890","0.7477583885192871","0.7477583885192871","0.7477583885192871","0.750869870185852","0.750869870185852","0.750869870185852"
"3900","0.7145307660102844","0.7145307660102844","0.7145307660102844","0.7148295640945435","0.7148295640945435","0.7148295640945435"
"3910","0.6718056201934814","0.6718056201934814","0.6718056201934814","0.6883643865585327","0.6883643865585327","0.6883643865585327"
"3920","0.7838424444198608","0.7838424444198608","0.7838424444198608","0.7817425727844238","0.7817425727844238","0.7817425727844238"
"3930","0.35655513405799866","0.35655513405799866","0.35655513405799866","0.3547709882259369","0.3547709882259369","0.3547709882259369"
"3940","0.5630442500114441","0.5630442500114441","0.5630442500114441","0.5572011470794678","0.5572011470794678","0.5572011470794678"
"3950","0.4582658112049103","0.4582658112049103","0.4582658112049103","0.45544952154159546","0.45544952154159546","0.45544952154159546"
"3960","0.8871022462844849","0.8871022462844849","0.8871022462844849","0.8841403722763062","0.8841403722763062","0.8841403722763062"
"3970","0.7212817668914795","0.7212817668914795","0.7212817668914795","0.7317416071891785","0.7317416071891785","0.7317416071891785"
"3980","0.5649236440658569","0.5649236440658569","0.5649236440658569","0.5700510740280151","0.5700510740280151","0.5700510740280151"
"3990","0.4151398241519928","0.4151398241519928","0.4151398241519928","0.4093332290649414","0.4093332290649414","0.4093332290649414"
"4000","0.4091785252094269","0.4091785252094269","0.4091785252094269","0.404582142829895","0.404582142829895","0.404582142829895"
"4010","0.6413673162460327","0.6413673162460327","0.6413673162460327","0.6393253207206726","0.6393253207206726","0.6393253207206726"
"4020","0.6559499502182007","0.6559499502182007","0.6559499502182007","0.6510874032974243","0.6510874032974243","0.6510874032974243"
"4030","0.8128718733787537","0.8128718733787537","0.8128718733787537","0.8150904178619385","0.8150904178619385","0.8150904178619385"
"4040","0.5879969000816345","0.5879969000816345","0.5879969000816345","0.5855862498283386","0.5855862498283386","0.5855862498283386"
"4050","0.7092093229293823","0.7092093229293823","0.7092093229293823","0.7085229754447937","0.7085229754447937","0.7085229754447937"
"4060","0.4966188371181488","0.4966188371181488","0.4966188371181488","0.4947812259197235","0.4947812259197235","0.4947812259197235"
"4070","0.5533941388130188","0.5533941388130188","0.5533941388130188","0.5479451417922974","0.5479451417922974","0.5479451417922974"
"4080","0.7525262832641602","0.7525262832641602","0.7525262832641602","0.7447082996368408","0.7447082996368408","0.7447082996368408"
"4090","0.7431997656822205","0.7431997656822205","0.7431997656822205","0.734052836894989","0.734052836894989","0.734052836894989"
"4100","0.5146782994270325","0.5146782994270325","0.5146782994270325","0.5188837647438049","0.5188837647438049","0.5188837647438049"
"4110","0.8704259395599365","0.8704259395599365","0.8704259395599365","0.8629775047302246","0.8629775047302246","0.8629775047302246"
"4120","0.6566032767295837","0.6566032767295837","0.6566032767295837","0.6536169052124023","0.6536169052124023","0.6536169052124023"
"4130","0.44186174869537354","0.44186174869537354","0.44186174869537354","0.43080806732177734","0.43080806732177734","0.43080806732177734"
"4140","0.5594832301139832","0.5594832301139832","0.5594832301139832","0.5531437397003174","0.5531437397003174","0.5531437397003174"
"4150","0.6672200560569763","0.6672200560569763","0.6672200560569763","0.6616083383560181","0.6616083383560181","0.6616083383560181"
"4160","0.9022005796432495","0.9022005796432495","0.9022005796432495","0.8946638703346252","0.8946638703346252","0.8946638703346252"
"4170","0.6750398874282837","0.6750398874282837","0.6750398874282837","0.6717010736465454","0.6717010736465454","0.6717010736465454"
"4180","0.706170916557312","0.706170916557312","0.706170916557312","0.7063737511634827","0.7063737511634827","0.7063737511634827"
"4190","0.5605717301368713","0.5605717301368713","0.5605717301368713","0.5539867281913757","0.5539867281913757","0.5539867281913757"
"4200","0.6960101127624512","0.6960101127624512","0.6960101127624512","0.7024215459823608","0.7024215459823608","0.7024215459823608"
"4210","0.6194223761558533","0.6194223761558533","0.6194223761558533","0.6196858286857605","0.6196858286857605","0.6196858286857605"
"4220","0.5407588481903076","0.5407588481903076","0.5407588481903076","0.5405218005180359","0.5405218005180359","0.5405218005180359"
"4230","0.6023117899894714","0.6023117899894714","0.6023117899894714","0.6012245416641235","0.6012245416641235","0.6012245416641235"
"4240","0.7300262451171875","0.7300262451171875","0.7300262451171875","0.7199183702468872","0.7199183702468872","0.7199183702468872"
"4250","0.4870763421058655","0.4870763421058655","0.4870763421058655","0.48534172773361206","0.48534172773361206","0.48534172773361206"
"4260","0.6194943785667419","0.6194943785667419","0.6194943785667419","0.6149753332138062","0.6149753332138062","0.6149753332138062"
"4270","0.7813666462898254","0.7813666462898254","0.7813666462898254","0.7788544297218323","0.7788544297218323","0.7788544297218323"
"4280","0.502665638923645","0.502665638923645","0.502665638923645","0.49963638186454773","0.49963638186454773","0.49963638186454773"
"4290","0.4439314901828766","0.4439314901828766","0.4439314901828766","0.44050532579421997","0.44050532579421997","0.44050532579421997"
"4300","0.6903689503669739","0.6903689503669739","0.6903689503669739","0.6844949722290039","0.6844949722290039","0.6844949722290039"
"4310","0.758787214756012","0.758787214756012","0.758787214756012","0.7495788335800171","0.7495788335800171","0.7495788335800171"
"4320","0.7230255603790283","0.7230255603790283","0.7230255603790283","0.718756377696991","0.718756377696991","0.718756377696991"
"4330","0.6163747906684875","0.6163747906684875","0.6163747906684875","0.6122395992279053","0.6122395992279053","0.6122395992279053"
"4340","0.6206585764884949","0.6206585764884949","0.6206585764884949","0.6137183904647827","0.6137183904647827","0.6137183904647827"
"4350","0.6431542634963989","0.6431542634963989","0.6431542634963989","0.6359279155731201","0.6359279155731201","0.6359279155731201"
"4360","0.5608264803886414","0.5608264803886414","0.5608264803886414","0.5599203109741211","0.5599203109741211","0.5599203109741211"
"4370","0.7031887769699097","0.7031887769699097","0.7031887769699097","0.6993004083633423","0.6993004083633423","0.6993004083633423"
"4380","0.6029639840126038","0.6029639840126038","0.6029639840126038","0.6036460399627686","0.6036460399627686","0.6036460399627686"
"4390","0.606616735458374","0.606616735458374","0.606616735458374","0.6022950410842896","0.6022950410842896","0.6022950410842896"
"4400","0.4243296980857849","0.4243296980857849","0.4243296980857849","0.41948819160461426","0.41948819160461426","0.41948819160461426"
"4410","0.7092454433441162","0.7092454433441162","0.7092454433441162","0.7092725038528442","0.7092725038528442","0.7092725038528442"
"4420","0.3050609827041626","0.3050609827041626","0.3050609827041626","0.30093035101890564","0.30093035101890564","0.30093035101890564"
"4430","0.4842589497566223","0.4842589497566223","0.4842589497566223","0.47458764910697937","0.47458764910697937","0.47458764910697937"
"4440","0.6060112714767456","0.6060112714767456","0.6060112714767456","0.6007106900215149","0.6007106900215149","0.6007106900215149"
"4450","0.7089041471481323","0.7089041471481323","0.7089041471481323","0.7103170156478882","0.7103170156478882","0.7103170156478882"
"4460","0.5569855570793152","0.5569855570793152","0.5569855570793152","0.5471699237823486","0.5471699237823486","0.5471699237823486"
"4470","0.5956376791000366","0.5956376791000366","0.5956376791000366","0.5947932004928589","0.5947932004928589","0.5947932004928589"
"4480","0.5769344568252563","0.5769344568252563","0.5769344568252563","0.5724798440933228","0.5724798440933228","0.5724798440933228"
"4490","0.7215767502784729","0.7215767502784729","0.7215767502784729","0.7074481248855591","0.7074481248855591","0.7074481248855591"
"4500","0.6582881212234497","0.6582881212234497","0.6582881212234497","0.653437614440918","0.653437614440918","0.653437614440918"
"4510","0.6098971366882324","0.6098971366882324","0.6098971366882324","0.6030466556549072","0.6030466556549072","0.6030466556549072"
"4520","0.4557186961174011","0.4557186961174011","0.4557186961174011","0.45197078585624695","0.45197078585624695","0.45197078585624695"
"4530","0.6860578656196594","0.6860578656196594","0.6860578656196594","0.7036827802658081","0.7036827802658081","0.7036827802658081"
"4540","0.7323005199432373","0.7323005199432373","0.7323005199432373","0.7312443852424622","0.7312443852424622","0.7312443852424622"
"4550","0.6560991406440735","0.6560991406440735","0.6560991406440735","0.6506252288818359","0.6506252288818359","0.6506252288818359"
"4560","0.7550746202468872","0.7550746202468872","0.7550746202468872","0.7575179934501648","0.7575179934501648","0.7575179934501648"
"4570","0.579348087310791","0.579348087310791","0.579348087310791","0.5830333232879639","0.5830333232879639","0.5830333232879639"
"4580","0.5386013984680176","0.5386013984680176","0.5386013984680176","0.5356374382972717","0.5356374382972717","0.5356374382972717"
"4590","0.3891652226448059","0.3891652226448059","0.3891652226448059","0.38369810581207275","0.38369810581207275","0.38369810581207275"
"4600","0.464140921831131","0.464140921831131","0.464140921831131","0.4639461636543274","0.4639461636543274","0.4639461636543274"
"4610","0.7042930126190186","0.7042930126190186","0.7042930126190186","0.7052463293075562","0.7052463293075562","0.7052463293075562"
"4620","0.7096400856971741","0.7096400856971741","0.7096400856971741","0.7063542604446411","0.7063542604446411","0.7063542604446411"
"4630","0.6432894468307495","0.6432894468307495","0.6432894468307495","0.6344100832939148","0.6344100832939148","0.6344100832939148"
"4640","0.5400254726409912","0.5400254726409912","0.5400254726409912","0.5413451194763184","0.5413451194763184","0.5413451194763184"
"4650","0.5962141752243042","0.5962141752243042","0.5962141752243042","0.5894840359687805","0.5894840359687805","0.5894840359687805"
"4660","0.4144134223461151","0.4144134223461151","0.4144134223461151","0.4148752987384796","0.4148752987384796","0.4148752987384796"
"4670","0.5361699461936951","0.5361699461936951","0.5361699461936951","0.5313329696655273","0.5313329696655273","0.5313329696655273"
"4680","0.5977872610092163","0.5977872610092163","0.5977872610092163","0.5885521173477173","0.5885521173477173","0.5885521173477173"
"4690","0.6049321889877319","0.6049321889877319","0.6049321889877319","0.6054242849349976","0.6054242849349976","0.6054242849349976"
"4700","1.178412914276123","1.178412914276123","1.178412914276123","1.1723097562789917","1.1723097562789917","1.1723097562789917"
"4710","0.430230051279068","0.430230051279068","0.430230051279068","0.4278876781463623","0.4278876781463623","0.4278876781463623"
"4720","0.6505558490753174","0.6505558490753174","0.6505558490753174","0.6474382877349854","0.6474382877349854","0.6474382877349854"
"4730","0.6437649726867676","0.6437649726867676","0.6437649726867676","0.6424803137779236","0.6424803137779236","0.6424803137779236"
"4740","0.5818527340888977","0.5818527340888977","0.5818527340888977","0.5841448307037354","0.5841448307037354","0.5841448307037354"
"4750","0.5318039655685425","0.5318039655685425","0.5318039655685425","0.5310434103012085","0.5310434103012085","0.5310434103012085"
"4760","0.5908384323120117","0.5908384323120117","0.5908384323120117","0.5908101201057434","0.5908101201057434","0.5908101201057434"
"4770","0.41336172819137573","0.41336172819137573","0.41336172819137573","0.4085805416107178","0.4085805416107178","0.4085805416107178"
"4780","0.40217989683151245","0.40217989683151245","0.40217989683151245","0.3975215554237366","0.3975215554237366","0.3975215554237366"
"4790","0.5625131726264954","0.5625131726264954","0.5625131726264954","0.5637791156768799","0.5637791156768799","0.5637791156768799"
"4800","0.5748214721679688","0.5748214721679688","0.5748214721679688","0.5692735314369202","0.5692735314369202","0.5692735314369202"
"4810","0.5263959169387817","0.5263959169387817","0.5263959169387817","0.52425616979599","0.52425616979599","0.52425616979599"
"4820","0.5226017236709595","0.5226017236709595","0.5226017236709595","0.5177587270736694","0.5177587270736694","0.5177587270736694"
"4830","0.401567280292511","0.401567280292511","0.401567280292511","0.405087411403656","0.405087411403656","0.405087411403656"
"4840","0.36532002687454224","0.36532002687454224","0.36532002687454224","0.362994909286499","0.362994909286499","0.362994909286499"
"4850","0.4031258225440979","0.4031258225440979","0.4031258225440979","0.4002037048339844","0.4002037048339844","0.4002037048339844"
"4860","0.5011016726493835","0.5011016726493835","0.5011016726493835","0.4918174743652344","0.4918174743652344","0.4918174743652344"
"4870","0.6180142760276794","0.6180142760276794","0.6180142760276794","0.6183668375015259","0.6183668375015259","0.6183668375015259"
"4880","0.4201377034187317","0.4201377034187317","0.4201377034187317","0.41572657227516174","0.41572657227516174","0.41572657227516174"
"4890","0.5199413895606995","0.5199413895606995","0.5199413895606995","0.5138521790504456","0.5138521790504456","0.5138521790504456"
"4900","0.661580502986908","0.661580502986908","0.661580502986908","0.6539289355278015","0.6539289355278015","0.6539289355278015"
"4910","0.566744863986969","0.566744863986969","0.566744863986969","0.5631710290908813","0.5631710290908813","0.5631710290908813"
"4920","0.6065667867660522","0.6065667867660522","0.6065667867660522","0.604638934135437","0.604638934135437","0.604638934135437"
"4930","0.5926201939582825","0.5926201939582825","0.5926201939582825","0.5897821187973022","0.5897821187973022","0.5897821187973022"
"4940","0.5565395355224609","0.5565395355224609","0.5565395355224609","0.5557588934898376","0.5557588934898376","0.5557588934898376"
"4950","0.5435525178909302","0.5435525178909302","0.5435525178909302","0.5445430874824524","0.5445430874824524","0.5445430874824524"
"4960","0.7162970304489136","0.7162970304489136","0.7162970304489136","0.7097201943397522","0.7097201943397522","0.7097201943397522"
"4970","0.5333701372146606","0.5333701372146606","0.5333701372146606","0.5269831418991089","0.5269831418991089","0.5269831418991089"
"4980","0.46502411365509033","0.46502411365509033","0.46502411365509033","0.4653891623020172","0.4653891623020172","0.4653891623020172"
"4990","0.5283615589141846","0.5283615589141846","0.5283615589141846","0.5257682800292969","0.5257682800292969","0.5257682800292969"
"5000","0.591300368309021","0.591300368309021","0.591300368309021","0.6003891229629517","0.6003891229629517","0.6003891229629517"
"5010","0.43676885962486267","0.43676885962486267","0.43676885962486267","0.43712353706359863","0.43712353706359863","0.43712353706359863"
"5020","0.55707848072052","0.55707848072052","0.55707848072052","0.5560163855552673","0.5560163855552673","0.5560163855552673"
"5030","0.5819313526153564","0.5819313526153564","0.5819313526153564","0.5766522288322449","0.5766522288322449","0.5766522288322449"
"5040","0.3934112787246704","0.3934112787246704","0.3934112787246704","0.393656462430954","0.393656462430954","0.393656462430954"
"5050","0.5514618158340454","0.5514618158340454","0.5514618158340454","0.5506457090377808","0.5506457090377808","0.5506457090377808"
"5060","0.6018010377883911","0.6018010377883911","0.6018010377883911","0.5950784683227539","0.5950784683227539","0.5950784683227539"
"5070","0.5307141542434692","0.5307141542434692","0.5307141542434692","0.5235697031021118","0.5235697031021118","0.5235697031021118"
"5080","0.4649864137172699","0.4649864137172699","0.4649864137172699","0.4598654806613922","0.4598654806613922","0.4598654806613922"
"5090","0.5159392356872559","0.5159392356872559","0.5159392356872559","0.5055459141731262","0.5055459141731262","0.5055459141731262"
"5100","0.6716774106025696","0.6716774106025696","0.6716774106025696","0.6668683290481567","0.6668683290481567","0.6668683290481567"
"5110","0.6864964365959167","0.6864964365959167","0.6864964365959167","0.6855353713035583","0.6855353713035583","0.6855353713035583"
"5120","0.4952791631221771","0.4952791631221771","0.4952791631221771","0.4930802285671234","0.4930802285671234","0.4930802285671234"
"5130","0.3731560707092285","0.3731560707092285","0.3731560707092285","0.37427425384521484","0.37427425384521484","0.37427425384521484"
"5140","0.47215282917022705","0.47215282917022705","0.47215282917022705","0.4743692874908447","0.4743692874908447","0.4743692874908447"
"5150","0.6447631120681763","0.6447631120681763","0.6447631120681763","0.6455163955688477","0.6455163955688477","0.6455163955688477"
"5160","0.2477167695760727","0.2477167695760727","0.2477167695760727","0.24443522095680237","0.24443522095680237","0.24443522095680237"
"5170","0.3641907274723053","0.3641907274723053","0.3641907274723053","0.3637125492095947","0.3637125492095947","0.3637125492095947"
"5180","0.5399377942085266","0.5399377942085266","0.5399377942085266","0.5380825996398926","0.5380825996398926","0.5380825996398926"
"5190","0.4696182906627655","0.4696182906627655","0.4696182906627655","0.46308040618896484","0.46308040618896484","0.46308040618896484"
"5200","0.5751571655273438","0.5751571655273438","0.5751571655273438","0.5736657381057739","0.5736657381057739","0.5736657381057739"
"5210","0.5780042409896851","0.5780042409896851","0.5780042409896851","0.5801528692245483","0.5801528692245483","0.5801528692245483"
"5220","0.6361489295959473","0.6361489295959473","0.6361489295959473","0.6388198137283325","0.6388198137283325","0.6388198137283325"
"5230","0.6415296792984009","0.6415296792984009","0.6415296792984009","0.6447892785072327","0.6447892785072327","0.6447892785072327"
"5240","0.6789459586143494","0.6789459586143494","0.6789459586143494","0.6757175922393799","0.6757175922393799","0.6757175922393799"
"5250","0.8804528117179871","0.8804528117179871","0.8804528117179871","0.8803718090057373","0.8803718090057373","0.8803718090057373"
"5260","0.25334829092025757","0.25334829092025757","0.25334829092025757","0.25201743841171265","0.25201743841171265","0.25201743841171265"
"5270","0.5952032208442688","0.5952032208442688","0.5952032208442688","0.5900161862373352","0.5900161862373352","0.5900161862373352"
"5280","0.7231486439704895","0.7231486439704895","0.7231486439704895","0.7041518688201904","0.7041518688201904","0.7041518688201904"
"5290","0.6194831132888794","0.6194831132888794","0.6194831132888794","0.6110085248947144","0.6110085248947144","0.6110085248947144"
"5300","0.4156244397163391","0.4156244397163391","0.4156244397163391","0.4109518826007843","0.4109518826007843","0.4109518826007843"
"5310","0.5990796685218811","0.5990796685218811","0.5990796685218811","0.5892686247825623","0.5892686247825623","0.5892686247825623"
"5320","0.23534631729125977","0.23534631729125977","0.23534631729125977","0.23005324602127075","0.23005324602127075","0.23005324602127075"
"5330","0.6100442409515381","0.6100442409515381","0.6100442409515381","0.6151571273803711","0.6151571273803711","0.6151571273803711"
"5340","0.5910756587982178","0.5910756587982178","0.5910756587982178","0.5910922288894653","0.5910922288894653","0.5910922288894653"
"5350","0.5194857716560364","0.5194857716560364","0.5194857716560364","0.5180109143257141","0.5180109143257141","0.5180109143257141"
"5360","0.4907424747943878","0.4907424747943878","0.4907424747943878","0.49094265699386597","0.49094265699386597","0.49094265699386597"
"5370","0.8631638884544373","0.8631638884544373","0.8631638884544373","0.8633506894111633","0.8633506894111633","0.8633506894111633"
"5380","0.4423472583293915","0.4423472583293915","0.4423472583293915","0.43703892827033997","0.43703892827033997","0.43703892827033997"
"5390","0.6215988397598267","0.6215988397598267","0.6215988397598267","0.6251286268234253","0.6251286268234253","0.6251286268234253"
"5400","0.39011576771736145","0.39011576771736145","0.39011576771736145","0.38998427987098694","0.38998427987098694","0.38998427987098694"
"5410","0.3652333915233612","0.3652333915233612","0.3652333915233612","0.3677893579006195","0.3677893579006195","0.3677893579006195"
"5420","0.5780530571937561","0.5780530571937561","0.5780530571937561","0.5809500813484192","0.5809500813484192","0.5809500813484192"
"5430","0.30461856722831726","0.30461856722831726","0.30461856722831726","0.29979345202445984","0.29979345202445984","0.29979345202445984"
"5440","0.37715253233909607","0.37715253233909607","0.37715253233909607","0.37326282262802124","0.37326282262802124","0.37326282262802124"
"5450","0.5704153776168823","0.5704153776168823","0.5704153776168823","0.563428521156311","0.563428521156311","0.563428521156311"
"5460","0.44152453541755676","0.44152453541755676","0.44152453541755676","0.4407292306423187","0.4407292306423187","0.4407292306423187"
"5470","0.667069673538208","0.667069673538208","0.667069673538208","0.6676901578903198","0.6676901578903198","0.6676901578903198"
"5480","0.6688160300254822","0.6688160300254822","0.6688160300254822","0.6722122430801392","0.6722122430801392","0.6722122430801392"
"5490","0.5888673067092896","0.5888673067092896","0.5888673067092896","0.5916584134101868","0.5916584134101868","0.5916584134101868"
"5500","0.37368491291999817","0.37368491291999817","0.37368491291999817","0.3693295419216156","0.3693295419216156","0.3693295419216156"
"5510","0.7580291628837585","0.7580291628837585","0.7580291628837585","0.7571810483932495","0.7571810483932495","0.7571810483932495"
"5520","0.4784446656703949","0.4784446656703949","0.4784446656703949","0.47244992852211","0.47244992852211","0.47244992852211"
"5530","0.6091508865356445","0.6091508865356445","0.6091508865356445","0.6024492979049683","0.6024492979049683","0.6024492979049683"
"5540","0.4472571015357971","0.4472571015357971","0.4472571015357971","0.44175204634666443","0.44175204634666443","0.44175204634666443"
"5550","0.36157509684562683","0.36157509684562683","0.36157509684562683","0.35373321175575256","0.35373321175575256","0.35373321175575256"
"5560","0.6867867708206177","0.6867867708206177","0.6867867708206177","0.6691561937332153","0.6691561937332153","0.6691561937332153"
"5570","0.2897531986236572","0.2897531986236572","0.2897531986236572","0.2884700894355774","0.2884700894355774","0.2884700894355774"
"5580","0.6424475908279419","0.6424475908279419","0.6424475908279419","0.6358983516693115","0.6358983516693115","0.6358983516693115"
"5590","0.5353097319602966","0.5353097319602966","0.5353097319602966","0.5311084985733032","0.5311084985733032","0.5311084985733032"
"5600","0.39067673683166504","0.39067673683166504","0.39067673683166504","0.388577401638031","0.388577401638031","0.388577401638031"
"5610","0.6612838506698608","0.6612838506698608","0.6612838506698608","0.6600305438041687","0.6600305438041687","0.6600305438041687"
"5620","0.39419490098953247","0.39419490098953247","0.39419490098953247","0.3945639133453369","0.3945639133453369","0.3945639133453369"
"5630","0.5638097524642944","0.5638097524642944","0.5638097524642944","0.560322642326355","0.560322642326355","0.560322642326355"
"5640","0.8561087846755981","0.8561087846755981","0.8561087846755981","0.8514403700828552","0.8514403700828552","0.8514403700828552"
"5650","0.4627254903316498","0.4627254903316498","0.4627254903316498","0.45784321427345276","0.45784321427345276","0.45784321427345276"
"5660","0.6854107975959778","0.6854107975959778","0.6854107975959778","0.6817648410797119","0.6817648410797119","0.6817648410797119"
"5670","0.5350651741027832","0.5350651741027832","0.5350651741027832","0.5326051115989685","0.5326051115989685","0.5326051115989685"
"5680","0.4986002743244171","0.4986002743244171","0.4986002743244171","0.49515318870544434","0.49515318870544434","0.49515318870544434"
"5690","0.2056518793106079","0.2056518793106079","0.2056518793106079","0.20263363420963287","0.20263363420963287","0.20263363420963287"
"5700","0.5541056990623474","0.5541056990623474","0.5541056990623474","0.5566184520721436","0.5566184520721436","0.5566184520721436"
"5710","0.6550253629684448","0.6550253629684448","0.6550253629684448","0.6505525708198547","0.6505525708198547","0.6505525708198547"
"5720","0.27381080389022827","0.27381080389022827","0.27381080389022827","0.2728210985660553","0.2728210985660553","0.2728210985660553"
"5730","0.38275399804115295","0.38275399804115295","0.38275399804115295","0.3822547197341919","0.3822547197341919","0.3822547197341919"
"5740","0.5591521263122559","0.5591521263122559","0.5591521263122559","0.560513973236084","0.560513973236084","0.560513973236084"
"5750","0.6828109622001648","0.6828109622001648","0.6828109622001648","0.6825227737426758","0.6825227737426758","0.6825227737426758"
"5760","0.9113897681236267","0.9113897681236267","0.9113897681236267","0.9077190160751343","0.9077190160751343","0.9077190160751343"
"5770","0.43586644530296326","0.43586644530296326","0.43586644530296326","0.43609854578971863","0.43609854578971863","0.43609854578971863"
"5780","0.37641313672065735","0.37641313672065735","0.37641313672065735","0.3731699287891388","0.3731699287891388","0.3731699287891388"
"5790","0.7271491289138794","0.7271491289138794","0.7271491289138794","0.7261309623718262","0.7261309623718262","0.7261309623718262"
"5800","0.6110749244689941","0.6110749244689941","0.6110749244689941","0.6094380617141724","0.6094380617141724","0.6094380617141724"
"5810","0.4914860129356384","0.4914860129356384","0.4914860129356384","0.4904492497444153","0.4904492497444153","0.4904492497444153"
"5820","0.4373197555541992","0.4373197555541992","0.4373197555541992","0.43506115674972534","0.43506115674972534","0.43506115674972534"
"5830","0.5739986896514893","0.5739986896514893","0.5739986896514893","0.568063497543335","0.568063497543335","0.568063497543335"
"5840","0.6004679203033447","0.6004679203033447","0.6004679203033447","0.5953675508499146","0.5953675508499146","0.5953675508499146"
"5850","0.5348455309867859","0.5348455309867859","0.5348455309867859","0.5349435806274414","0.5349435806274414","0.5349435806274414"
"5860","0.7079154849052429","0.7079154849052429","0.7079154849052429","0.6924485564231873","0.6924485564231873","0.6924485564231873"
"5870","0.45222121477127075","0.45222121477127075","0.45222121477127075","0.4491793215274811","0.4491793215274811","0.4491793215274811"
"5880","0.5879767537117004","0.5879767537117004","0.5879767537117004","0.5866636037826538","0.5866636037826538","0.5866636037826538"
"5890","0.5823018550872803","0.5823018550872803","0.5823018550872803","0.5782685875892639","0.5782685875892639","0.5782685875892639"
"5900","0.4137272536754608","0.4137272536754608","0.4137272536754608","0.41313305497169495","0.41313305497169495","0.41313305497169495"
"5910","0.4305827021598816","0.4305827021598816","0.4305827021598816","0.4338538646697998","0.4338538646697998","0.4338538646697998"
"5920","0.3780880570411682","0.3780880570411682","0.3780880570411682","0.37518516182899475","0.37518516182899475","0.37518516182899475"
"5930","0.4504963755607605","0.4504963755607605","0.4504963755607605","0.451834499835968","0.451834499835968","0.451834499835968"
"5940","0.5736031532287598","0.5736031532287598","0.5736031532287598","0.5766853094100952","0.5766853094100952","0.5766853094100952"
"5950","0.44083988666534424","0.44083988666534424","0.44083988666534424","0.4395231306552887","0.4395231306552887","0.4395231306552887"
"5960","0.5491218566894531","0.5491218566894531","0.5491218566894531","0.5553262829780579","0.5553262829780579","0.5553262829780579"
"5970","0.5259873867034912","0.5259873867034912","0.5259873867034912","0.5266683101654053","0.5266683101654053","0.5266683101654053"
"5980","0.5385758280754089","0.5385758280754089","0.5385758280754089","0.5424423217773438","0.5424423217773438","0.5424423217773438"
"5990","0.14716030657291412","0.14716030657291412","0.14716030657291412","0.14520896971225739","0.14520896971225739","0.14520896971225739"
"6000","0.4431018829345703","0.4431018829345703","0.4431018829345703","0.4429095685482025","0.4429095685482025","0.4429095685482025"
"6010","0.547427237033844","0.547427237033844","0.547427237033844","0.5479345321655273","0.5479345321655273","0.5479345321655273"
"6020","0.5793367028236389","0.5793367028236389","0.5793367028236389","0.5715628862380981","0.5715628862380981","0.5715628862380981"
"6030","0.27377912402153015","0.27377912402153015","0.27377912402153015","0.2720597982406616","0.2720597982406616","0.2720597982406616"
"6040","0.3322978913784027","0.3322978913784027","0.3322978913784027","0.3316245973110199","0.3316245973110199","0.3316245973110199"
"6050","0.6179604530334473","0.6179604530334473","0.6179604530334473","0.6180233955383301","0.6180233955383301","0.6180233955383301"
"6060","0.5876889824867249","0.5876889824867249","0.5876889824867249","0.5840321183204651","0.5840321183204651","0.5840321183204651"
"6070","0.6209568381309509","0.6209568381309509","0.6209568381309509","0.6155792474746704","0.6155792474746704","0.6155792474746704"
"6080","0.5946691036224365","0.5946691036224365","0.5946691036224365","0.589725136756897","0.589725136756897","0.589725136756897"
"6090","0.49076154828071594","0.49076154828071594","0.49076154828071594","0.48915135860443115","0.48915135860443115","0.48915135860443115"
"6100","0.27793088555336","0.27793088555336","0.27793088555336","0.26949697732925415","0.26949697732925415","0.26949697732925415"
"6110","0.6531683206558228","0.6531683206558228","0.6531683206558228","0.6523309350013733","0.6523309350013733","0.6523309350013733"
"6120","0.5018330216407776","0.5018330216407776","0.5018330216407776","0.4972125291824341","0.4972125291824341","0.4972125291824341"
"6130","0.5431442856788635","0.5431442856788635","0.5431442856788635","0.5349304676055908","0.5349304676055908","0.5349304676055908"
"6140","0.4829809069633484","0.4829809069633484","0.4829809069633484","0.48250627517700195","0.48250627517700195","0.48250627517700195"
"6150","0.4077971875667572","0.4077971875667572","0.4077971875667572","0.40456172823905945","0.40456172823905945","0.40456172823905945"
"6160","0.6692802309989929","0.6692802309989929","0.6692802309989929","0.6647266149520874","0.6647266149520874","0.6647266149520874"
"6170","0.5610489845275879","0.5610489845275879","0.5610489845275879","0.5578063726425171","0.5578063726425171","0.5578063726425171"
"6180","0.7917172908782959","0.7917172908782959","0.7917172908782959","0.7905064821243286","0.7905064821243286","0.7905064821243286"
"6190","0.38297706842422485","0.38297706842422485","0.38297706842422485","0.3845551013946533","0.3845551013946533","0.3845551013946533"
"6200","0.7789168357849121","0.7789168357849121","0.7789168357849121","0.7731654047966003","0.7731654047966003","0.7731654047966003"
"6210","0.4246748685836792","0.4246748685836792","0.4246748685836792","0.4262414276599884","0.4262414276599884","0.4262414276599884"
"6220","0.3751978874206543","0.3751978874206543","0.3751978874206543","0.37099066376686096","0.37099066376686096","0.37099066376686096"
"6230","0.4985784888267517","0.4985784888267517","0.4985784888267517","0.49709901213645935","0.49709901213645935","0.49709901213645935"
"6240","0.3268347978591919","0.3268347978591919","0.3268347978591919","0.3263656497001648","0.3263656497001648","0.3263656497001648"
"6250","0.511380672454834","0.511380672454834","0.511380672454834","0.5071633458137512","0.5071633458137512","0.5071633458137512"
"6260","0.5877415537834167","0.5877415537834167","0.5877415537834167","0.5714793801307678","0.5714793801307678","0.5714793801307678"
"6270","0.4641261696815491","0.4641261696815491","0.4641261696815491","0.45793670415878296","0.45793670415878296","0.45793670415878296"
"6280","0.5691038370132446","0.5691038370132446","0.5691038370132446","0.5660246014595032","0.5660246014595032","0.5660246014595032"
"6290","0.4277361035346985","0.4277361035346985","0.4277361035346985","0.42742979526519775","0.42742979526519775","0.42742979526519775"
"6300","0.38814473152160645","0.38814473152160645","0.38814473152160645","0.38654714822769165","0.38654714822769165","0.38654714822769165"
"6310","0.5046367049217224","0.5046367049217224","0.5046367049217224","0.499263733625412","0.499263733625412","0.499263733625412"
"6320","0.24335399270057678","0.24335399270057678","0.24335399270057678","0.24357445538043976","0.24357445538043976","0.24357445538043976"
"6330","0.38522520661354065","0.38522520661354065","0.38522520661354065","0.38140663504600525","0.38140663504600525","0.38140663504600525"
"6340","0.502147376537323","0.502147376537323","0.502147376537323","0.4994497299194336","0.4994497299194336","0.4994497299194336"
"6350","0.5180067420005798","0.5180067420005798","0.5180067420005798","0.5170620083808899","0.5170620083808899","0.5170620083808899"
"6360","0.5881912112236023","0.5881912112236023","0.5881912112236023","0.5857897996902466","0.5857897996902466","0.5857897996902466"
"6370","0.4171554744243622","0.4171554744243622","0.4171554744243622","0.41484522819519043","0.41484522819519043","0.41484522819519043"
"6380","0.46528100967407227","0.46528100967407227","0.46528100967407227","0.4647457003593445","0.4647457003593445","0.4647457003593445"
"6390","0.6412805914878845","0.6412805914878845","0.6412805914878845","0.6394744515419006","0.6394744515419006","0.6394744515419006"
"6400","0.4754442572593689","0.4754442572593689","0.4754442572593689","0.46766817569732666","0.46766817569732666","0.46766817569732666"
"6410","0.5358909368515015","0.5358909368515015","0.5358909368515015","0.5328319668769836","0.5328319668769836","0.5328319668769836"
"6420","0.4802401661872864","0.4802401661872864","0.4802401661872864","0.47990381717681885","0.47990381717681885","0.47990381717681885"
"6430","0.4643230438232422","0.4643230438232422","0.4643230438232422","0.4637182354927063","0.4637182354927063","0.4637182354927063"
"6440","0.44415783882141113","0.44415783882141113","0.44415783882141113","0.4441954493522644","0.4441954493522644","0.4441954493522644"
"6450","0.4817400574684143","0.4817400574684143","0.4817400574684143","0.4808209240436554","0.4808209240436554","0.4808209240436554"
"6460","0.43532228469848633","0.43532228469848633","0.43532228469848633","0.4330909252166748","0.4330909252166748","0.4330909252166748"
"6470","0.5899441242218018","0.5899441242218018","0.5899441242218018","0.5843814015388489","0.5843814015388489","0.5843814015388489"
"6480","0.665397047996521","0.665397047996521","0.665397047996521","0.6657701730728149","0.6657701730728149","0.6657701730728149"
"6490","0.37196582555770874","0.37196582555770874","0.37196582555770874","0.37203216552734375","0.37203216552734375","0.37203216552734375"
"6500","0.39750373363494873","0.39750373363494873","0.39750373363494873","0.3916044235229492","0.3916044235229492","0.3916044235229492"
"6510","0.49525928497314453","0.49525928497314453","0.49525928497314453","0.4934583604335785","0.4934583604335785","0.4934583604335785"
"6520","0.4379929304122925","0.4379929304122925","0.4379929304122925","0.43473708629608154","0.43473708629608154","0.43473708629608154"
"6530","0.38112205266952515","0.38112205266952515","0.38112205266952515","0.3774682283401489","0.3774682283401489","0.3774682283401489"
"6540","0.4726904332637787","0.4726904332637787","0.4726904332637787","0.4730426073074341","0.4730426073074341","0.4730426073074341"
"6550","0.5566994547843933","0.5566994547843933","0.5566994547843933","0.554390013217926","0.554390013217926","0.554390013217926"
"6560","0.5026375651359558","0.5026375651359558","0.5026375651359558","0.5024048686027527","0.5024048686027527","0.5024048686027527"
"6570","0.7299103736877441","0.7299103736877441","0.7299103736877441","0.7275936603546143","0.7275936603546143","0.7275936603546143"
"6580","0.2638261318206787","0.2638261318206787","0.2638261318206787","0.26221394538879395","0.26221394538879395","0.26221394538879395"
"6590","0.7638095021247864","0.7638095021247864","0.7638095021247864","0.7606943845748901","0.7606943845748901","0.7606943845748901"
"6600","0.40173253417015076","0.40173253417015076","0.40173253417015076","0.3967096209526062","0.3967096209526062","0.3967096209526062"
"6610","0.5145676136016846","0.5145676136016846","0.5145676136016846","0.511720597743988","0.511720597743988","0.511720597743988"
"6620","0.389085054397583","0.389085054397583","0.389085054397583","0.38919180631637573","0.38919180631637573","0.38919180631637573"
"6630","0.4621164798736572","0.4621164798736572","0.4621164798736572","0.46101340651512146","0.46101340651512146","0.46101340651512146"
"6640","0.43954572081565857","0.43954572081565857","0.43954572081565857","0.44139963388442993","0.44139963388442993","0.44139963388442993"
"6650","0.3665514290332794","0.3665514290332794","0.3665514290332794","0.35281553864479065","0.35281553864479065","0.35281553864479065"
"6660","0.22524619102478027","0.22524619102478027","0.22524619102478027","0.22627247869968414","0.22627247869968414","0.22627247869968414"
"6670","0.46098753809928894","0.46098753809928894","0.46098753809928894","0.45880064368247986","0.45880064368247986","0.45880064368247986"
"6680","0.5549379587173462","0.5549379587173462","0.5549379587173462","0.5537035465240479","0.5537035465240479","0.5537035465240479"
"6690","0.7629454135894775","0.7629454135894775","0.7629454135894775","0.7525516748428345","0.7525516748428345","0.7525516748428345"
"6700","0.605599045753479","0.605599045753479","0.605599045753479","0.601880669593811","0.601880669593811","0.601880669593811"
"6710","0.6107453107833862","0.6107453107833862","0.6107453107833862","0.6066103577613831","0.6066103577613831","0.6066103577613831"
"6720","0.4676198661327362","0.4676198661327362","0.4676198661327362","0.4638122022151947","0.4638122022151947","0.4638122022151947"
"6730","0.44509366154670715","0.44509366154670715","0.44509366154670715","0.4438629448413849","0.4438629448413849","0.4438629448413849"
"6740","0.5057917237281799","0.5057917237281799","0.5057917237281799","0.5005714893341064","0.5005714893341064","0.5005714893341064"
"6750","0.6056066155433655","0.6056066155433655","0.6056066155433655","0.6034483313560486","0.6034483313560486","0.6034483313560486"
"6760","0.5835973024368286","0.5835973024368286","0.5835973024368286","0.5738272666931152","0.5738272666931152","0.5738272666931152"
"6770","0.4680655598640442","0.4680655598640442","0.4680655598640442","0.46864748001098633","0.46864748001098633","0.46864748001098633"
"6780","0.5988878607749939","0.5988878607749939","0.5988878607749939","0.5966013669967651","0.5966013669967651","0.5966013669967651"
"6790","0.5546102523803711","0.5546102523803711","0.5546102523803711","0.5476704835891724","0.5476704835891724","0.5476704835891724"
"6800","0.5230358242988586","0.5230358242988586","0.5230358242988586","0.5159018039703369","0.5159018039703369","0.5159018039703369"
"6810","0.41742295026779175","0.41742295026779175","0.41742295026779175","0.41997233033180237","0.41997233033180237","0.41997233033180237"
"6820","0.5398727059364319","0.5398727059364319","0.5398727059364319","0.5397962331771851","0.5397962331771851","0.5397962331771851"
"6830","0.4012870192527771","0.4012870192527771","0.4012870192527771","0.3990507423877716","0.3990507423877716","0.3990507423877716"
"6840","0.4133208394050598","0.4133208394050598","0.4133208394050598","0.4148089587688446","0.4148089587688446","0.4148089587688446"
"6850","0.40765446424484253","0.40765446424484253","0.40765446424484253","0.4020346999168396","0.4020346999168396","0.4020346999168396"
"6860","0.545175313949585","0.545175313949585","0.545175313949585","0.5441046357154846","0.5441046357154846","0.5441046357154846"
"6870","0.5346423387527466","0.5346423387527466","0.5346423387527466","0.5322245359420776","0.5322245359420776","0.5322245359420776"
"6880","0.5367776155471802","0.5367776155471802","0.5367776155471802","0.533983051776886","0.533983051776886","0.533983051776886"
"6890","0.410494863986969","0.410494863986969","0.410494863986969","0.40644586086273193","0.40644586086273193","0.40644586086273193"
"6900","0.4812728762626648","0.4812728762626648","0.4812728762626648","0.4822509288787842","0.4822509288787842","0.4822509288787842"
"6910","0.48358678817749023","0.48358678817749023","0.48358678817749023","0.47757723927497864","0.47757723927497864","0.47757723927497864"
"6920","0.5363543629646301","0.5363543629646301","0.5363543629646301","0.5342142581939697","0.5342142581939697","0.5342142581939697"
"6930","0.6374855041503906","0.6374855041503906","0.6374855041503906","0.6322301626205444","0.6322301626205444","0.6322301626205444"
"6940","0.48974740505218506","0.48974740505218506","0.48974740505218506","0.48526453971862793","0.48526453971862793","0.48526453971862793"
"6950","0.3552146852016449","0.3552146852016449","0.3552146852016449","0.3539420962333679","0.3539420962333679","0.3539420962333679"
"6960","0.5433603525161743","0.5433603525161743","0.5433603525161743","0.5452694892883301","0.5452694892883301","0.5452694892883301"
"6970","0.31363582611083984","0.31363582611083984","0.31363582611083984","0.31214940547943115","0.31214940547943115","0.31214940547943115"
"6980","0.6384651064872742","0.6384651064872742","0.6384651064872742","0.6374318599700928","0.6374318599700928","0.6374318599700928"
"6990","0.39101895689964294","0.39101895689964294","0.39101895689964294","0.3878825306892395","0.3878825306892395","0.3878825306892395"
"7000","0.5178778767585754","0.5178778767585754","0.5178778767585754","0.5141375064849854","0.5141375064849854","0.5141375064849854"
"7010","0.5312733054161072","0.5312733054161072","0.5312733054161072","0.5346565842628479","0.5346565842628479","0.5346565842628479"
"7020","0.4378257095813751","0.4378257095813751","0.4378257095813751","0.437467485666275","0.437467485666275","0.437467485666275"
"7030","0.43573322892189026","0.43573322892189026","0.43573322892189026","0.43424394726753235","0.43424394726753235","0.43424394726753235"
"7040","0.56221604347229","0.56221604347229","0.56221604347229","0.5617074966430664","0.5617074966430664","0.5617074966430664"
"7050","0.47402283549308777","0.47402283549308777","0.47402283549308777","0.4744761884212494","0.4744761884212494","0.4744761884212494"
"7060","0.41212570667266846","0.41212570667266846","0.41212570667266846","0.4085479974746704","0.4085479974746704","0.4085479974746704"
"7070","0.6326524019241333","0.6326524019241333","0.6326524019241333","0.632775604724884","0.632775604724884","0.632775604724884"
"7080","0.4145468771457672","0.4145468771457672","0.4145468771457672","0.413132905960083","0.413132905960083","0.413132905960083"
"7090","0.6704009175300598","0.6704009175300598","0.6704009175300598","0.6749757528305054","0.6749757528305054","0.6749757528305054"
"7100","0.5515382885932922","0.5515382885932922","0.5515382885932922","0.5476841926574707","0.5476841926574707","0.5476841926574707"
"7110","0.40088632702827454","0.40088632702827454","0.40088632702827454","0.39644259214401245","0.39644259214401245","0.39644259214401245"
"7120","0.5269738435745239","0.5269738435745239","0.5269738435745239","0.5226056575775146","0.5226056575775146","0.5226056575775146"
"7130","0.5905658006668091","0.5905658006668091","0.5905658006668091","0.5938708186149597","0.5938708186149597","0.5938708186149597"
"7140","0.4991244375705719","0.4991244375705719","0.4991244375705719","0.5020456314086914","0.5020456314086914","0.5020456314086914"
"7150","0.4783266484737396","0.4783266484737396","0.4783266484737396","0.47501856088638306","0.47501856088638306","0.47501856088638306"
"7160","0.4093646705150604","0.4093646705150604","0.4093646705150604","0.4031219482421875","0.4031219482421875","0.4031219482421875"
"7170","0.6252343654632568","0.6252343654632568","0.6252343654632568","0.6228906512260437","0.6228906512260437","0.6228906512260437"
"7180","0.7297152876853943","0.7297152876853943","0.7297152876853943","0.7290864586830139","0.7290864586830139","0.7290864586830139"
"7190","0.6162558794021606","0.6162558794021606","0.6162558794021606","0.6138209104537964","0.6138209104537964","0.6138209104537964"
"7200","0.3702891170978546","0.3702891170978546","0.3702891170978546","0.3680673837661743","0.3680673837661743","0.3680673837661743"
"7210","0.5592012405395508","0.5592012405395508","0.5592012405395508","0.5639299154281616","0.5639299154281616","0.5639299154281616"
"7220","0.4220568835735321","0.4220568835735321","0.4220568835735321","0.4190046191215515","0.4190046191215515","0.4190046191215515"
"7230","0.485901415348053","0.485901415348053","0.485901415348053","0.4806812107563019","0.4806812107563019","0.4806812107563019"
"7240","0.39691802859306335","0.39691802859306335","0.39691802859306335","0.3950718343257904","0.3950718343257904","0.3950718343257904"
"7250","0.3931020200252533","0.3931020200252533","0.3931020200252533","0.3908860683441162","0.3908860683441162","0.3908860683441162"
"7260","0.5245779752731323","0.5245779752731323","0.5245779752731323","0.5201401114463806","0.5201401114463806","0.5201401114463806"
"7270","0.4782731533050537","0.4782731533050537","0.4782731533050537","0.47828930616378784","0.47828930616378784","0.47828930616378784"
"7280","0.3311290442943573","0.3311290442943573","0.3311290442943573","0.3288896083831787","0.3288896083831787","0.3288896083831787"
"7290","0.5062621235847473","0.5062621235847473","0.5062621235847473","0.5007662773132324","0.5007662773132324","0.5007662773132324"
"7300","0.2597919702529907","0.2597919702529907","0.2597919702529907","0.2512696087360382","0.2512696087360382","0.2512696087360382"
"7310","0.4030679166316986","0.4030679166316986","0.4030679166316986","0.3979839086532593","0.3979839086532593","0.3979839086532593"
"7320","0.5730523467063904","0.5730523467063904","0.5730523467063904","0.5711728930473328","0.5711728930473328","0.5711728930473328"
"7330","0.31413936614990234","0.31413936614990234","0.31413936614990234","0.30883753299713135","0.30883753299713135","0.30883753299713135"
"7340","0.45264798402786255","0.45264798402786255","0.45264798402786255","0.4493700861930847","0.4493700861930847","0.4493700861930847"
"7350","0.8065175414085388","0.8065175414085388","0.8065175414085388","0.8078719973564148","0.8078719973564148","0.8078719973564148"
"7360","0.43853846192359924","0.43853846192359924","0.43853846192359924","0.43509531021118164","0.43509531021118164","0.43509531021118164"
"7370","0.42183881998062134","0.42183881998062134","0.42183881998062134","0.42288556694984436","0.42288556694984436","0.42288556694984436"
"7380","0.8025864958763123","0.8025864958763123","0.8025864958763123","0.801404595375061","0.801404595375061","0.801404595375061"
"7390","0.7628875374794006","0.7628875374794006","0.7628875374794006","0.7546142935752869","0.7546142935752869","0.7546142935752869"
"7400","0.5799761414527893","0.5799761414527893","0.5799761414527893","0.5798346400260925","0.5798346400260925","0.5798346400260925"
"7410","0.39659884572029114","0.39659884572029114","0.39659884572029114","0.3938722014427185","0.3938722014427185","0.3938722014427185"
"7420","0.34764403104782104","0.34764403104782104","0.34764403104782104","0.34621697664260864","0.34621697664260864","0.34621697664260864"
"7430","0.8111114501953125","0.8111114501953125","0.8111114501953125","0.8051175475120544","0.8051175475120544","0.8051175475120544"
"7440","0.6110654473304749","0.6110654473304749","0.6110654473304749","0.6097466945648193","0.6097466945648193","0.6097466945648193"
"7450","0.39168328046798706","0.39168328046798706","0.39168328046798706","0.3877794146537781","0.3877794146537781","0.3877794146537781"
"7460","0.5442376136779785","0.5442376136779785","0.5442376136779785","0.5358584523200989","0.5358584523200989","0.5358584523200989"
"7470","0.2520284354686737","0.2520284354686737","0.2520284354686737","0.25321313738822937","0.25321313738822937","0.25321313738822937"
"7480","0.5845698118209839","0.5845698118209839","0.5845698118209839","0.5812530517578125","0.5812530517578125","0.5812530517578125"
"7490","0.49679696559906006","0.49679696559906006","0.49679696559906006","0.4954068064689636","0.4954068064689636","0.4954068064689636"
"7500","0.4309195876121521","0.4309195876121521","0.4309195876121521","0.42880523204803467","0.42880523204803467","0.42880523204803467"
"7510","0.28566330671310425","0.28566330671310425","0.28566330671310425","0.28386855125427246","0.28386855125427246","0.28386855125427246"
"7520","0.46340107917785645","0.46340107917785645","0.46340107917785645","0.4622608423233032","0.4622608423233032","0.4622608423233032"
"7530","0.7520451545715332","0.7520451545715332","0.7520451545715332","0.7465839385986328","0.7465839385986328","0.7465839385986328"
"7540","0.29633355140686035","0.29633355140686035","0.29633355140686035","0.29887306690216064","0.29887306690216064","0.29887306690216064"
"7550","0.5094661712646484","0.5094661712646484","0.5094661712646484","0.5065393447875977","0.5065393447875977","0.5065393447875977"
"7560","0.4507471024990082","0.4507471024990082","0.4507471024990082","0.44966477155685425","0.44966477155685425","0.44966477155685425"
"7570","0.5116509199142456","0.5116509199142456","0.5116509199142456","0.5041577816009521","0.5041577816009521","0.5041577816009521"
"7580","0.5728495121002197","0.5728495121002197","0.5728495121002197","0.5715067386627197","0.5715067386627197","0.5715067386627197"
"7590","0.4522871971130371","0.4522871971130371","0.4522871971130371","0.45035821199417114","0.45035821199417114","0.45035821199417114"
"7600","0.605198860168457","0.605198860168457","0.605198860168457","0.6009296178817749","0.6009296178817749","0.6009296178817749"
"7610","0.5620390176773071","0.5620390176773071","0.5620390176773071","0.5586062073707581","0.5586062073707581","0.5586062073707581"
"7620","0.29091620445251465","0.29091620445251465","0.29091620445251465","0.2826523780822754","0.2826523780822754","0.2826523780822754"
"7630","0.6347731947898865","0.6347731947898865","0.6347731947898865","0.6409066319465637","0.6409066319465637","0.6409066319465637"
"7640","0.6136636734008789","0.6136636734008789","0.6136636734008789","0.6086856126785278","0.6086856126785278","0.6086856126785278"
"7650","0.27128517627716064","0.27128517627716064","0.27128517627716064","0.26814547181129456","0.26814547181129456","0.26814547181129456"
"7660","0.39233213663101196","0.39233213663101196","0.39233213663101196","0.3910810947418213","0.3910810947418213","0.3910810947418213"
"7670","0.3861570358276367","0.3861570358276367","0.3861570358276367","0.388424813747406","0.388424813747406","0.388424813747406"
"7680","0.6210188865661621","0.6210188865661621","0.6210188865661621","0.6213400363922119","0.6213400363922119","0.6213400363922119"
"7690","0.4220219850540161","0.4220219850540161","0.4220219850540161","0.4167674481868744","0.4167674481868744","0.4167674481868744"
"7700","0.4949548542499542","0.4949548542499542","0.4949548542499542","0.49586671590805054","0.49586671590805054","0.49586671590805054"
"7710","0.4347461462020874","0.4347461462020874","0.4347461462020874","0.4303513467311859","0.4303513467311859","0.4303513467311859"
"7720","0.4997575581073761","0.4997575581073761","0.4997575581073761","0.4957748353481293","0.4957748353481293","0.4957748353481293"
"7730","0.4075494706630707","0.4075494706630707","0.4075494706630707","0.40881064534187317","0.40881064534187317","0.40881064534187317"
"7740","0.36942756175994873","0.36942756175994873","0.36942756175994873","0.36626946926116943","0.36626946926116943","0.36626946926116943"
"7750","0.3281656503677368","0.3281656503677368","0.3281656503677368","0.32672280073165894","0.32672280073165894","0.32672280073165894"
"7760","0.566067099571228","0.566067099571228","0.566067099571228","0.5635164976119995","0.5635164976119995","0.5635164976119995"
"7770","0.539148211479187","0.539148211479187","0.539148211479187","0.5364688038825989","0.5364688038825989","0.5364688038825989"
"7780","0.4830315113067627","0.4830315113067627","0.4830315113067627","0.4815325438976288","0.4815325438976288","0.4815325438976288"
"7790","0.3357769846916199","0.3357769846916199","0.3357769846916199","0.3335144817829132","0.3335144817829132","0.3335144817829132"
"7800","0.5436326265335083","0.5436326265335083","0.5436326265335083","0.540493369102478","0.540493369102478","0.540493369102478"
"7810","0.42274779081344604","0.42274779081344604","0.42274779081344604","0.4094509184360504","0.4094509184360504","0.4094509184360504"
"7820","0.46654772758483887","0.46654772758483887","0.46654772758483887","0.46601057052612305","0.46601057052612305","0.46601057052612305"
"7830","0.49856629967689514","0.49856629967689514","0.49856629967689514","0.50009685754776","0.50009685754776","0.50009685754776"
"7840","0.3635912537574768","0.3635912537574768","0.3635912537574768","0.3602369725704193","0.3602369725704193","0.3602369725704193"
"7850","0.2813481092453003","0.2813481092453003","0.2813481092453003","0.27719563245773315","0.27719563245773315","0.27719563245773315"
"7860","0.4603493809700012","0.4603493809700012","0.4603493809700012","0.4560806453227997","0.4560806453227997","0.4560806453227997"
"7870","0.22756856679916382","0.22756856679916382","0.22756856679916382","0.22609075903892517","0.22609075903892517","0.22609075903892517"
"7880","0.3587908446788788","0.3587908446788788","0.3587908446788788","0.3555421233177185","0.3555421233177185","0.3555421233177185"
"7890","0.5888352394104004","0.5888352394104004","0.5888352394104004","0.5856908559799194","0.5856908559799194","0.5856908559799194"
"7900","0.32000303268432617","0.32000303268432617","0.32000303268432617","0.31487900018692017","0.31487900018692017","0.31487900018692017"
"7910","0.5889595746994019","0.5889595746994019","0.5889595746994019","0.585148811340332","0.585148811340332","0.585148811340332"
"7920","0.5261980295181274","0.5261980295181274","0.5261980295181274","0.5239986777305603","0.5239986777305603","0.5239986777305603"
"7930","0.3700670599937439","0.3700670599937439","0.3700670599937439","0.363864004611969","0.363864004611969","0.363864004611969"
"7940","0.3755640387535095","0.3755640387535095","0.3755640387535095","0.37386274337768555","0.37386274337768555","0.37386274337768555"
"7950","0.32903188467025757","0.32903188467025757","0.32903188467025757","0.32945796847343445","0.32945796847343445","0.32945796847343445"
"7960","0.4971902668476105","0.4971902668476105","0.4971902668476105","0.4931112825870514","0.4931112825870514","0.4931112825870514"
"7970","0.3771803379058838","0.3771803379058838","0.3771803379058838","0.37231653928756714","0.37231653928756714","0.37231653928756714"
"7980","0.38480180501937866","0.38480180501937866","0.38480180501937866","0.37826743721961975","0.37826743721961975","0.37826743721961975"
"7990","0.43639737367630005","0.43639737367630005","0.43639737367630005","0.433688759803772","0.433688759803772","0.433688759803772"
"8000","0.3305884301662445","0.3305884301662445","0.3305884301662445","0.32713931798934937","0.32713931798934937","0.32713931798934937"
"8010","0.4017491936683655","0.4017491936683655","0.4017491936683655","0.40315937995910645","0.40315937995910645","0.40315937995910645"
"8020","0.500648021697998","0.500648021697998","0.500648021697998","0.5008920431137085","0.5008920431137085","0.5008920431137085"
"8030","0.3088603913784027","0.3088603913784027","0.3088603913784027","0.3056108057498932","0.3056108057498932","0.3056108057498932"
"8040","0.4613165259361267","0.4613165259361267","0.4613165259361267","0.45611679553985596","0.45611679553985596","0.45611679553985596"
"8050","0.600991427898407","0.600991427898407","0.600991427898407","0.5943605303764343","0.5943605303764343","0.5943605303764343"
"8060","0.4654395580291748","0.4654395580291748","0.4654395580291748","0.4629117250442505","0.4629117250442505","0.4629117250442505"
"8070","0.46579134464263916","0.46579134464263916","0.46579134464263916","0.46350613236427307","0.46350613236427307","0.46350613236427307"
"8080","0.47017258405685425","0.47017258405685425","0.47017258405685425","0.4752230644226074","0.4752230644226074","0.4752230644226074"
"8090","0.5606945753097534","0.5606945753097534","0.5606945753097534","0.5587433576583862","0.5587433576583862","0.5587433576583862"
"8100","0.5285142660140991","0.5285142660140991","0.5285142660140991","0.5246518850326538","0.5246518850326538","0.5246518850326538"
"8110","0.39330345392227173","0.39330345392227173","0.39330345392227173","0.39071160554885864","0.39071160554885864","0.39071160554885864"
"8120","0.5179071426391602","0.5179071426391602","0.5179071426391602","0.5166916847229004","0.5166916847229004","0.5166916847229004"
"8130","0.5481597185134888","0.5481597185134888","0.5481597185134888","0.5423847436904907","0.5423847436904907","0.5423847436904907"
"8140","0.3865381181240082","0.3865381181240082","0.3865381181240082","0.38915151357650757","0.38915151357650757","0.38915151357650757"
"8150","0.6164751648902893","0.6164751648902893","0.6164751648902893","0.607845664024353","0.607845664024353","0.607845664024353"
"8160","0.5971853733062744","0.5971853733062744","0.5971853733062744","0.5861717462539673","0.5861717462539673","0.5861717462539673"
"8170","0.3977886438369751","0.3977886438369751","0.3977886438369751","0.3919110894203186","0.3919110894203186","0.3919110894203186"
"8180","0.4399470090866089","0.4399470090866089","0.4399470090866089","0.4413181245326996","0.4413181245326996","0.4413181245326996"
"8190","0.33029621839523315","0.33029621839523315","0.33029621839523315","0.3291506767272949","0.3291506767272949","0.3291506767272949"
"8200","0.371352881193161","0.371352881193161","0.371352881193161","0.3696674704551697","0.3696674704551697","0.3696674704551697"
"8210","0.45400452613830566","0.45400452613830566","0.45400452613830566","0.45337891578674316","0.45337891578674316","0.45337891578674316"
"8220","0.2869262993335724","0.2869262993335724","0.2869262993335724","0.28528761863708496","0.28528761863708496","0.28528761863708496"
"8230","0.43897488713264465","0.43897488713264465","0.43897488713264465","0.43663284182548523","0.43663284182548523","0.43663284182548523"
"8240","0.25837409496307373","0.25837409496307373","0.25837409496307373","0.2633906304836273","0.2633906304836273","0.2633906304836273"
"8250","0.3943656086921692","0.3943656086921692","0.3943656086921692","0.39038360118865967","0.39038360118865967","0.39038360118865967"
"8260","0.4872725307941437","0.4872725307941437","0.4872725307941437","0.48002544045448303","0.48002544045448303","0.48002544045448303"
"8270","0.2764146327972412","0.2764146327972412","0.2764146327972412","0.27059513330459595","0.27059513330459595","0.27059513330459595"
"8280","0.4560619592666626","0.4560619592666626","0.4560619592666626","0.4526771306991577","0.4526771306991577","0.4526771306991577"
"8290","0.46602535247802734","0.46602535247802734","0.46602535247802734","0.45981675386428833","0.45981675386428833","0.45981675386428833"
"8300","0.39951783418655396","0.39951783418655396","0.39951783418655396","0.3978090286254883","0.3978090286254883","0.3978090286254883"
"8310","0.5396789312362671","0.5396789312362671","0.5396789312362671","0.5367966294288635","0.5367966294288635","0.5367966294288635"
"8320","0.23306450247764587","0.23306450247764587","0.23306450247764587","0.23240527510643005","0.23240527510643005","0.23240527510643005"
"8330","0.4115360975265503","0.4115360975265503","0.4115360975265503","0.4040756821632385","0.4040756821632385","0.4040756821632385"
"8340","0.44017210602760315","0.44017210602760315","0.44017210602760315","0.437452107667923","0.437452107667923","0.437452107667923"
"8350","0.3403017520904541","0.3403017520904541","0.3403017520904541","0.3382418751716614","0.3382418751716614","0.3382418751716614"
"8360","0.33647412061691284","0.33647412061691284","0.33647412061691284","0.3336738348007202","0.3336738348007202","0.3336738348007202"
"8370","0.36614328622817993","0.36614328622817993","0.36614328622817993","0.3651314973831177","0.3651314973831177","0.3651314973831177"
"8380","0.26512178778648376","0.26512178778648376","0.26512178778648376","0.26056545972824097","0.26056545972824097","0.26056545972824097"
"8390","0.2248810976743698","0.2248810976743698","0.2248810976743698","0.22352279722690582","0.22352279722690582","0.22352279722690582"
"8400","0.5460125207901001","0.5460125207901001","0.5460125207901001","0.5419818758964539","0.5419818758964539","0.5419818758964539"
"8410","0.4958153963088989","0.4958153963088989","0.4958153963088989","0.4917464852333069","0.4917464852333069","0.4917464852333069"
"8420","0.48716962337493896","0.48716962337493896","0.48716962337493896","0.48685580492019653","0.48685580492019653","0.48685580492019653"
"8430","0.32802635431289673","0.32802635431289673","0.32802635431289673","0.3264128565788269","0.3264128565788269","0.3264128565788269"
"8440","0.47069671750068665","0.47069671750068665","0.47069671750068665","0.46634408831596375","0.46634408831596375","0.46634408831596375"
"8450","0.32898128032684326","0.32898128032684326","0.32898128032684326","0.3217918276786804","0.3217918276786804","0.3217918276786804"
"8460","0.46721580624580383","0.46721580624580383","0.46721580624580383","0.4644407033920288","0.4644407033920288","0.4644407033920288"
"8470","0.23630577325820923","0.23630577325820923","0.23630577325820923","0.23379912972450256","0.23379912972450256","0.23379912972450256"
"8480","0.31361594796180725","0.31361594796180725","0.31361594796180725","0.3091350793838501","0.3091350793838501","0.3091350793838501"
"8490","0.247378870844841","0.247378870844841","0.247378870844841","0.24871540069580078","0.24871540069580078","0.24871540069580078"
"8500","0.2952866554260254","0.2952866554260254","0.2952866554260254","0.2890855669975281","0.2890855669975281","0.2890855669975281"
"8510","0.3288416862487793","0.3288416862487793","0.3288416862487793","0.3226452171802521","0.3226452171802521","0.3226452171802521"
"8520","0.5932668447494507","0.5932668447494507","0.5932668447494507","0.5902996063232422","0.5902996063232422","0.5902996063232422"
"8530","0.5624603033065796","0.5624603033065796","0.5624603033065796","0.560856819152832","0.560856819152832","0.560856819152832"
"8540","0.5096609592437744","0.5096609592437744","0.5096609592437744","0.5002896785736084","0.5002896785736084","0.5002896785736084"
"8550","0.36683985590934753","0.36683985590934753","0.36683985590934753","0.3654017746448517","0.3654017746448517","0.3654017746448517"
"8560","0.6120166778564453","0.6120166778564453","0.6120166778564453","0.6075873970985413","0.6075873970985413","0.6075873970985413"
"8570","0.4614202380180359","0.4614202380180359","0.4614202380180359","0.45928871631622314","0.45928871631622314","0.45928871631622314"
"8580","0.44492706656455994","0.44492706656455994","0.44492706656455994","0.44165027141571045","0.44165027141571045","0.44165027141571045"
"8590","0.519647479057312","0.519647479057312","0.519647479057312","0.5139511823654175","0.5139511823654175","0.5139511823654175"
"8600","0.4857600927352905","0.4857600927352905","0.4857600927352905","0.477967232465744","0.477967232465744","0.477967232465744"
"8610","0.4327719807624817","0.4327719807624817","0.4327719807624817","0.43248727917671204","0.43248727917671204","0.43248727917671204"
"8620","0.5949424505233765","0.5949424505233765","0.5949424505233765","0.5912131071090698","0.5912131071090698","0.5912131071090698"
"8630","0.4419916868209839","0.4419916868209839","0.4419916868209839","0.44075652956962585","0.44075652956962585","0.44075652956962585"
"8640","0.5038862228393555","0.5038862228393555","0.5038862228393555","0.5007473826408386","0.5007473826408386","0.5007473826408386"
"8650","0.3375791311264038","0.3375791311264038","0.3375791311264038","0.33143162727355957","0.33143162727355957","0.33143162727355957"
"8660","0.2741834223270416","0.2741834223270416","0.2741834223270416","0.27426013350486755","0.27426013350486755","0.27426013350486755"
"8670","0.5800161361694336","0.5800161361694336","0.5800161361694336","0.575553834438324","0.575553834438324","0.575553834438324"
"8680","0.5390764474868774","0.5390764474868774","0.5390764474868774","0.5379748344421387","0.5379748344421387","0.5379748344421387"
"8690","0.4988270401954651","0.4988270401954651","0.4988270401954651","0.4933149814605713","0.4933149814605713","0.4933149814605713"
"8700","0.486417680978775","0.486417680978775","0.486417680978775","0.48225292563438416","0.48225292563438416","0.48225292563438416"
"8710","0.43135038018226624","0.43135038018226624","0.43135038018226624","0.4282972514629364","0.4282972514629364","0.4282972514629364"
"8720","0.4220736026763916","0.4220736026763916","0.4220736026763916","0.42161667346954346","0.42161667346954346","0.42161667346954346"
"8730","0.5229642391204834","0.5229642391204834","0.5229642391204834","0.5170121192932129","0.5170121192932129","0.5170121192932129"
"8740","0.3590050935745239","0.3590050935745239","0.3590050935745239","0.3534855246543884","0.3534855246543884","0.3534855246543884"
"8750","0.37041357159614563","0.37041357159614563","0.37041357159614563","0.36716803908348083","0.36716803908348083","0.36716803908348083"
"8760","0.4580492675304413","0.4580492675304413","0.4580492675304413","0.45562419295310974","0.45562419295310974","0.45562419295310974"
"8770","0.3033815026283264","0.3033815026283264","0.3033815026283264","0.3012600541114807","0.3012600541114807","0.3012600541114807"
"8780","0.28811952471733093","0.28811952471733093","0.28811952471733093","0.28428301215171814","0.28428301215171814","0.28428301215171814"
"8790","0.15825849771499634","0.15825849771499634","0.15825849771499634","0.1577511429786682","0.1577511429786682","0.1577511429786682"
"8800","0.20023643970489502","0.20023643970489502","0.20023643970489502","0.1986580789089203","0.1986580789089203","0.1986580789089203"
"8810","0.34984150528907776","0.34984150528907776","0.34984150528907776","0.34619641304016113","0.34619641304016113","0.34619641304016113"
"8820","0.5520501136779785","0.5520501136779785","0.5520501136779785","0.5484341979026794","0.5484341979026794","0.5484341979026794"
"8830","0.3349516987800598","0.3349516987800598","0.3349516987800598","0.3332826793193817","0.3332826793193817","0.3332826793193817"
"8840","0.4708086848258972","0.4708086848258972","0.4708086848258972","0.46665501594543457","0.46665501594543457","0.46665501594543457"
"8850","0.6125971078872681","0.6125971078872681","0.6125971078872681","0.6114177703857422","0.6114177703857422","0.6114177703857422"
"8860","0.5087395310401917","0.5087395310401917","0.5087395310401917","0.5050077438354492","0.5050077438354492","0.5050077438354492"
"8870","0.46929407119750977","0.46929407119750977","0.46929407119750977","0.4669090211391449","0.4669090211391449","0.4669090211391449"
"8880","0.6088493466377258","0.6088493466377258","0.6088493466377258","0.610114336013794","0.610114336013794","0.610114336013794"
"8890","0.4428037405014038","0.4428037405014038","0.4428037405014038","0.4403149485588074","0.4403149485588074","0.4403149485588074"
"8900","0.449931800365448","0.449931800365448","0.449931800365448","0.44615939259529114","0.44615939259529114","0.44615939259529114"
"8910","0.29375168681144714","0.29375168681144714","0.29375168681144714","0.2873001992702484","0.2873001992702484","0.2873001992702484"
"8920","0.38004136085510254","0.38004136085510254","0.38004136085510254","0.38216984272003174","0.38216984272003174","0.38216984272003174"
"8930","0.48822274804115295","0.48822274804115295","0.48822274804115295","0.48087427020072937","0.48087427020072937","0.48087427020072937"
"8940","0.3212853968143463","0.3212853968143463","0.3212853968143463","0.318795382976532","0.318795382976532","0.318795382976532"
"8950","0.3529455363750458","0.3529455363750458","0.3529455363750458","0.3479306995868683","0.3479306995868683","0.3479306995868683"
"8960","0.36075782775878906","0.36075782775878906","0.36075782775878906","0.3577727675437927","0.3577727675437927","0.3577727675437927"
"8970","0.2842964828014374","0.2842964828014374","0.2842964828014374","0.2834123373031616","0.2834123373031616","0.2834123373031616"
"8980","0.29658424854278564","0.29658424854278564","0.29658424854278564","0.2924564480781555","0.2924564480781555","0.2924564480781555"
"8990","0.2595968246459961","0.2595968246459961","0.2595968246459961","0.2547498941421509","0.2547498941421509","0.2547498941421509"
"9000","0.3948432207107544","0.3948432207107544","0.3948432207107544","0.3956435024738312","0.3956435024738312","0.3956435024738312"
"9010","0.3238908052444458","0.3238908052444458","0.3238908052444458","0.3215160071849823","0.3215160071849823","0.3215160071849823"
"9020","0.48255282640457153","0.48255282640457153","0.48255282640457153","0.48089176416397095","0.48089176416397095","0.48089176416397095"
"9030","0.25902679562568665","0.25902679562568665","0.25902679562568665","0.2578361928462982","0.2578361928462982","0.2578361928462982"
"9040","0.4121449589729309","0.4121449589729309","0.4121449589729309","0.41021668910980225","0.41021668910980225","0.41021668910980225"
"9050","0.4429953098297119","0.4429953098297119","0.4429953098297119","0.4392278790473938","0.4392278790473938","0.4392278790473938"
"9060","0.42715227603912354","0.42715227603912354","0.42715227603912354","0.42596784234046936","0.42596784234046936","0.42596784234046936"
"9070","0.7135850787162781","0.7135850787162781","0.7135850787162781","0.7114380598068237","0.7114380598068237","0.7114380598068237"
"9080","0.4878970682621002","0.4878970682621002","0.4878970682621002","0.47728830575942993","0.47728830575942993","0.47728830575942993"
"9090","0.4241617023944855","0.4241617023944855","0.4241617023944855","0.41812700033187866","0.41812700033187866","0.41812700033187866"
"9100","0.48655998706817627","0.48655998706817627","0.48655998706817627","0.4834912121295929","0.4834912121295929","0.4834912121295929"
"9110","0.4553321897983551","0.4553321897983551","0.4553321897983551","0.45635223388671875","0.45635223388671875","0.45635223388671875"
"9120","0.26670071482658386","0.26670071482658386","0.26670071482658386","0.26783469319343567","0.26783469319343567","0.26783469319343567"
"9130","0.43539297580718994","0.43539297580718994","0.43539297580718994","0.4340895116329193","0.4340895116329193","0.4340895116329193"
"9140","0.5511226654052734","0.5511226654052734","0.5511226654052734","0.5496034622192383","0.5496034622192383","0.5496034622192383"
"9150","0.35162925720214844","0.35162925720214844","0.35162925720214844","0.3472258746623993","0.3472258746623993","0.3472258746623993"
"9160","0.29232257604599","0.29232257604599","0.29232257604599","0.2948031723499298","0.2948031723499298","0.2948031723499298"
"9170","0.4340129792690277","0.4340129792690277","0.4340129792690277","0.4346710443496704","0.4346710443496704","0.4346710443496704"
"9180","0.30970364809036255","0.30970364809036255","0.30970364809036255","0.3030669689178467","0.3030669689178467","0.3030669689178467"
"9190","0.3774593472480774","0.3774593472480774","0.3774593472480774","0.3724368214607239","0.3724368214607239","0.3724368214607239"
"9200","0.5244011282920837","0.5244011282920837","0.5244011282920837","0.5182340145111084","0.5182340145111084","0.5182340145111084"
"9210","0.10481228679418564","0.10481228679418564","0.10481228679418564","0.1027916967868805","0.1027916967868805","0.1027916967868805"
"9220","0.444136381149292","0.444136381149292","0.444136381149292","0.442757785320282","0.442757785320282","0.442757785320282"
"9230","0.28245779871940613","0.28245779871940613","0.28245779871940613","0.2825007438659668","0.2825007438659668","0.2825007438659668"
"9240","0.30525872111320496","0.30525872111320496","0.30525872111320496","0.30392012000083923","0.30392012000083923","0.30392012000083923"
"9250","0.509484052658081","0.509484052658081","0.509484052658081","0.504559338092804","0.504559338092804","0.504559338092804"
"9260","0.6380912065505981","0.6380912065505981","0.6380912065505981","0.6362639665603638","0.6362639665603638","0.6362639665603638"
"9270","0.4553200602531433","0.4553200602531433","0.4553200602531433","0.4506247341632843","0.4506247341632843","0.4506247341632843"
"9280","0.42197832465171814","0.42197832465171814","0.42197832465171814","0.4157745838165283","0.4157745838165283","0.4157745838165283"
"9290","0.41567397117614746","0.41567397117614746","0.41567397117614746","0.41513606905937195","0.41513606905937195","0.41513606905937195"
"9300","0.38896501064300537","0.38896501064300537","0.38896501064300537","0.38729459047317505","0.38729459047317505","0.38729459047317505"
"9310","0.4007839262485504","0.4007839262485504","0.4007839262485504","0.4008662700653076","0.4008662700653076","0.4008662700653076"
"9320","0.3049987554550171","0.3049987554550171","0.3049987554550171","0.30236387252807617","0.30236387252807617","0.30236387252807617"
"9330","0.15110982954502106","0.15110982954502106","0.15110982954502106","0.14934588968753815","0.14934588968753815","0.14934588968753815"
"9340","0.4123955965042114","0.4123955965042114","0.4123955965042114","0.4109033942222595","0.4109033942222595","0.4109033942222595"
"9350","0.4011218249797821","0.4011218249797821","0.4011218249797821","0.39637327194213867","0.39637327194213867","0.39637327194213867"
"9360","0.2460048943758011","0.2460048943758011","0.2460048943758011","0.2456471025943756","0.2456471025943756","0.2456471025943756"
"9370","0.33077025413513184","0.33077025413513184","0.33077025413513184","0.32674509286880493","0.32674509286880493","0.32674509286880493"
"9380","0.43185800313949585","0.43185800313949585","0.43185800313949585","0.4268449544906616","0.4268449544906616","0.4268449544906616"
"9390","0.3083144426345825","0.3083144426345825","0.3083144426345825","0.30570757389068604","0.30570757389068604","0.30570757389068604"
"9400","0.38784661889076233","0.38784661889076233","0.38784661889076233","0.3831702470779419","0.3831702470779419","0.3831702470779419"
"9410","0.450573593378067","0.450573593378067","0.450573593378067","0.4436095058917999","0.4436095058917999","0.4436095058917999"
"9420","0.42061537504196167","0.42061537504196167","0.42061537504196167","0.4185907244682312","0.4185907244682312","0.4185907244682312"
"9430","0.4356343746185303","0.4356343746185303","0.4356343746185303","0.42680320143699646","0.42680320143699646","0.42680320143699646"
"9440","0.49288973212242126","0.49288973212242126","0.49288973212242126","0.48301249742507935","0.48301249742507935","0.48301249742507935"
"9450","0.4541628956794739","0.4541628956794739","0.4541628956794739","0.44850489497184753","0.44850489497184753","0.44850489497184753"
"9460","0.2529046833515167","0.2529046833515167","0.2529046833515167","0.25077685713768005","0.25077685713768005","0.25077685713768005"
"9470","0.3858291506767273","0.3858291506767273","0.3858291506767273","0.38186269998550415","0.38186269998550415","0.38186269998550415"
"9480","0.40244030952453613","0.40244030952453613","0.40244030952453613","0.4000365734100342","0.4000365734100342","0.4000365734100342"
"9490","0.4957355558872223","0.4957355558872223","0.4957355558872223","0.4942236542701721","0.4942236542701721","0.4942236542701721"
"9500","0.6087661981582642","0.6087661981582642","0.6087661981582642","0.6030176281929016","0.6030176281929016","0.6030176281929016"
"9510","0.3195255398750305","0.3195255398750305","0.3195255398750305","0.31789159774780273","0.31789159774780273","0.31789159774780273"
"9520","0.4272785186767578","0.4272785186767578","0.4272785186767578","0.4237911105155945","0.4237911105155945","0.4237911105155945"
"9530","0.3196406960487366","0.3196406960487366","0.3196406960487366","0.3182063102722168","0.3182063102722168","0.3182063102722168"
"9540","0.46906834840774536","0.46906834840774536","0.46906834840774536","0.4691389799118042","0.4691389799118042","0.4691389799118042"
"9550","0.37777239084243774","0.37777239084243774","0.37777239084243774","0.37606337666511536","0.37606337666511536","0.37606337666511536"
"9560","0.2085823118686676","0.2085823118686676","0.2085823118686676","0.2090519368648529","0.2090519368648529","0.2090519368648529"
"9570","0.43623122572898865","0.43623122572898865","0.43623122572898865","0.4361417591571808","0.4361417591571808","0.4361417591571808"
"9580","0.36149072647094727","0.36149072647094727","0.36149072647094727","0.3535567820072174","0.3535567820072174","0.3535567820072174"
"9590","0.5395383834838867","0.5395383834838867","0.5395383834838867","0.5338736772537231","0.5338736772537231","0.5338736772537231"
"9600","0.637942910194397","0.637942910194397","0.637942910194397","0.6404473781585693","0.6404473781585693","0.6404473781585693"
"9610","0.41282832622528076","0.41282832622528076","0.41282832622528076","0.4092791676521301","0.4092791676521301","0.4092791676521301"
"9620","0.30582326650619507","0.30582326650619507","0.30582326650619507","0.3040996193885803","0.3040996193885803","0.3040996193885803"
"9630","0.3346620202064514","0.3346620202064514","0.3346620202064514","0.33385294675827026","0.33385294675827026","0.33385294675827026"
"9640","0.5645062327384949","0.5645062327384949","0.5645062327384949","0.5634114742279053","0.5634114742279053","0.5634114742279053"
"9650","0.36783450841903687","0.36783450841903687","0.36783450841903687","0.3659072816371918","0.3659072816371918","0.3659072816371918"
"9660","0.2616310715675354","0.2616310715675354","0.2616310715675354","0.2616422176361084","0.2616422176361084","0.2616422176361084"
"9670","0.49826735258102417","0.49826735258102417","0.49826735258102417","0.4942527115345001","0.4942527115345001","0.4942527115345001"
"9680","0.5091229677200317","0.5091229677200317","0.5091229677200317","0.5036948323249817","0.5036948323249817","0.5036948323249817"
"9690","0.36833423376083374","0.36833423376083374","0.36833423376083374","0.36310118436813354","0.36310118436813354","0.36310118436813354"
"9700","0.40905678272247314","0.40905678272247314","0.40905678272247314","0.40853798389434814","0.40853798389434814","0.40853798389434814"
"9710","0.46207568049430847","0.46207568049430847","0.46207568049430847","0.4632907807826996","0.4632907807826996","0.4632907807826996"
"9720","0.34481924772262573","0.34481924772262573","0.34481924772262573","0.34243226051330566","0.34243226051330566","0.34243226051330566"
"9730","0.44803762435913086","0.44803762435913086","0.44803762435913086","0.44836413860321045","0.44836413860321045","0.44836413860321045"
"9740","0.47611719369888306","0.47611719369888306","0.47611719369888306","0.47561708092689514","0.47561708092689514","0.47561708092689514"
"9750","0.37616339325904846","0.37616339325904846","0.37616339325904846","0.3717834949493408","0.3717834949493408","0.3717834949493408"
"9760","0.5673635601997375","0.5673635601997375","0.5673635601997375","0.5644040107727051","0.5644040107727051","0.5644040107727051"
"9770","0.46769413352012634","0.46769413352012634","0.46769413352012634","0.46373721957206726","0.46373721957206726","0.46373721957206726"
"9780","0.4834188222885132","0.4834188222885132","0.4834188222885132","0.4826905131340027","0.4826905131340027","0.4826905131340027"
"9790","0.3928845524787903","0.3928845524787903","0.3928845524787903","0.38876375555992126","0.38876375555992126","0.38876375555992126"
"9800","0.4706050157546997","0.4706050157546997","0.4706050157546997","0.46486490964889526","0.46486490964889526","0.46486490964889526"
"9810","0.4418764114379883","0.4418764114379883","0.4418764114379883","0.43878111243247986","0.43878111243247986","0.43878111243247986"
"9820","0.40083250403404236","0.40083250403404236","0.40083250403404236","0.3948236107826233","0.3948236107826233","0.3948236107826233"
"9830","0.448253870010376","0.448253870010376","0.448253870010376","0.44339773058891296","0.44339773058891296","0.44339773058891296"
"9840","0.3230751156806946","0.3230751156806946","0.3230751156806946","0.32394134998321533","0.32394134998321533","0.32394134998321533"
"9850","0.3993944525718689","0.3993944525718689","0.3993944525718689","0.3948102593421936","0.3948102593421936","0.3948102593421936"
"9860","0.2994788587093353","0.2994788587093353","0.2994788587093353","0.2978714406490326","0.2978714406490326","0.2978714406490326"
"9870","0.2729705572128296","0.2729705572128296","0.2729705572128296","0.2721124589443207","0.2721124589443207","0.2721124589443207"
"9880","0.37654733657836914","0.37654733657836914","0.37654733657836914","0.37312179803848267","0.37312179803848267","0.37312179803848267"
"9890","0.45602068305015564","0.45602068305015564","0.45602068305015564","0.4552285373210907","0.4552285373210907","0.4552285373210907"
"9900","0.4760322868824005","0.4760322868824005","0.4760322868824005","0.47137272357940674","0.47137272357940674","0.47137272357940674"
"9910","0.5755226016044617","0.5755226016044617","0.5755226016044617","0.5691695213317871","0.5691695213317871","0.5691695213317871"
"9920","0.2722510099411011","0.2722510099411011","0.2722510099411011","0.26946428418159485","0.26946428418159485","0.26946428418159485"
"9930","0.26500195264816284","0.26500195264816284","0.26500195264816284","0.2637675702571869","0.2637675702571869","0.2637675702571869"
"9940","0.4140356481075287","0.4140356481075287","0.4140356481075287","0.4100031852722168","0.4100031852722168","0.4100031852722168"
"9950","0.47071170806884766","0.47071170806884766","0.47071170806884766","0.46661198139190674","0.46661198139190674","0.46661198139190674"
"9960","0.3643958866596222","0.3643958866596222","0.3643958866596222","0.3632639944553375","0.3632639944553375","0.3632639944553375"
"9970","0.36876189708709717","0.36876189708709717","0.36876189708709717","0.36360853910446167","0.36360853910446167","0.36360853910446167"
"9980","0.42041635513305664","0.42041635513305664","0.42041635513305664","0.4168178141117096","0.4168178141117096","0.4168178141117096"
"9990","0.4372064471244812","0.4372064471244812","0.4372064471244812","0.4357556104660034","0.4357556104660034","0.4357556104660034"
"10000","0.23793567717075348","0.23793567717075348","0.23793567717075348","0.2371482402086258","0.2371482402086258","0.2371482402086258"
"10010","0.5174025297164917","0.5174025297164917","0.5174025297164917","0.5135315656661987","0.5135315656661987","0.5135315656661987"
"10020","0.28044530749320984","0.28044530749320984","0.28044530749320984","0.2768935561180115","0.2768935561180115","0.2768935561180115"
"10030","0.40124136209487915","0.40124136209487915","0.40124136209487915","0.4002262055873871","0.4002262055873871","0.4002262055873871"
"10040","0.35776287317276","0.35776287317276","0.35776287317276","0.35260555148124695","0.35260555148124695","0.35260555148124695"
"10050","0.4525702893733978","0.4525702893733978","0.4525702893733978","0.446927934885025","0.446927934885025","0.446927934885025"
"10060","0.3173709213733673","0.3173709213733673","0.3173709213733673","0.3145260810852051","0.3145260810852051","0.3145260810852051"
"10070","0.28144121170043945","0.28144121170043945","0.28144121170043945","0.27943155169487","0.27943155169487","0.27943155169487"
"10080","0.4643149971961975","0.4643149971961975","0.4643149971961975","0.465087354183197","0.465087354183197","0.465087354183197"
"10090","0.5675747394561768","0.5675747394561768","0.5675747394561768","0.5548725128173828","0.5548725128173828","0.5548725128173828"
"10100","0.3199041485786438","0.3199041485786438","0.3199041485786438","0.31885355710983276","0.31885355710983276","0.31885355710983276"
"10110","0.7087337970733643","0.7087337970733643","0.7087337970733643","0.7068939208984375","0.7068939208984375","0.7068939208984375"
"10120","0.24303299188613892","0.24303299188613892","0.24303299188613892","0.24371123313903809","0.24371123313903809","0.24371123313903809"
"10130","0.3098370134830475","0.3098370134830475","0.3098370134830475","0.30730587244033813","0.30730587244033813","0.30730587244033813"
"10140","0.4180681109428406","0.4180681109428406","0.4180681109428406","0.4169520139694214","0.4169520139694214","0.4169520139694214"
"10150","0.3165605664253235","0.3165605664253235","0.3165605664253235","0.3139512538909912","0.3139512538909912","0.3139512538909912"
"10160","0.33802351355552673","0.33802351355552673","0.33802351355552673","0.33569443225860596","0.33569443225860596","0.33569443225860596"
"10170","0.4897414743900299","0.4897414743900299","0.4897414743900299","0.4826800525188446","0.4826800525188446","0.4826800525188446"
"10180","0.6092246770858765","0.6092246770858765","0.6092246770858765","0.602373480796814","0.602373480796814","0.602373480796814"
"10190","0.2948455214500427","0.2948455214500427","0.2948455214500427","0.2898303270339966","0.2898303270339966","0.2898303270339966"
"10200","0.3534112572669983","0.3534112572669983","0.3534112572669983","0.3517472743988037","0.3517472743988037","0.3517472743988037"
"10210","0.4304351806640625","0.4304351806640625","0.4304351806640625","0.4309636652469635","0.4309636652469635","0.4309636652469635"
"10220","0.34821927547454834","0.34821927547454834","0.34821927547454834","0.3439432978630066","0.3439432978630066","0.3439432978630066"
"10230","0.3841612935066223","0.3841612935066223","0.3841612935066223","0.38105159997940063","0.38105159997940063","0.38105159997940063"
"10240","0.32219934463500977","0.32219934463500977","0.32219934463500977","0.3223193287849426","0.3223193287849426","0.3223193287849426"
"10250","0.29731494188308716","0.29731494188308716","0.29731494188308716","0.29235243797302246","0.29235243797302246","0.29235243797302246"
"10260","0.21524864435195923","0.21524864435195923","0.21524864435195923","0.218828946352005","0.218828946352005","0.218828946352005"
"10270","0.5027821660041809","0.5027821660041809","0.5027821660041809","0.49765828251838684","0.49765828251838684","0.49765828251838684"
"10280","0.4300940930843353","0.4300940930843353","0.4300940930843353","0.42619314789772034","0.42619314789772034","0.42619314789772034"
"10290","0.36447200179100037","0.36447200179100037","0.36447200179100037","0.36082231998443604","0.36082231998443604","0.36082231998443604"
"10300","0.3464673161506653","0.3464673161506653","0.3464673161506653","0.3423742949962616","0.3423742949962616","0.3423742949962616"
"10310","0.3578772246837616","0.3578772246837616","0.3578772246837616","0.35478490591049194","0.35478490591049194","0.35478490591049194"
"10320","0.3466256260871887","0.3466256260871887","0.3466256260871887","0.3405073583126068","0.3405073583126068","0.3405073583126068"
"10330","0.4598112404346466","0.4598112404346466","0.4598112404346466","0.4554523527622223","0.4554523527622223","0.4554523527622223"
"10340","0.2929251790046692","0.2929251790046692","0.2929251790046692","0.29257383942604065","0.29257383942604065","0.29257383942604065"
"10350","0.4003317356109619","0.4003317356109619","0.4003317356109619","0.3976658582687378","0.3976658582687378","0.3976658582687378"
"10360","0.4093455374240875","0.4093455374240875","0.4093455374240875","0.40886586904525757","0.40886586904525757","0.40886586904525757"
"10370","0.4342988133430481","0.4342988133430481","0.4342988133430481","0.4281587600708008","0.4281587600708008","0.4281587600708008"
"10380","0.58072429895401","0.58072429895401","0.58072429895401","0.5766618251800537","0.5766618251800537","0.5766618251800537"
"10390","0.5317535400390625","0.5317535400390625","0.5317535400390625","0.5301167964935303","0.5301167964935303","0.5301167964935303"
"10400","0.2767197787761688","0.2767197787761688","0.2767197787761688","0.27418214082717896","0.27418214082717896","0.27418214082717896"
"10410","0.3580551743507385","0.3580551743507385","0.3580551743507385","0.3531056344509125","0.3531056344509125","0.3531056344509125"
"10420","0.3229987621307373","0.3229987621307373","0.3229987621307373","0.3177971839904785","0.3177971839904785","0.3177971839904785"
"10430","0.4728095233440399","0.4728095233440399","0.4728095233440399","0.46785300970077515","0.46785300970077515","0.46785300970077515"
"10440","0.5575670003890991","0.5575670003890991","0.5575670003890991","0.5628430843353271","0.5628430843353271","0.5628430843353271"
"10450","0.39332595467567444","0.39332595467567444","0.39332595467567444","0.39582422375679016","0.39582422375679016","0.39582422375679016"
"10460","0.354670912027359","0.354670912027359","0.354670912027359","0.35035085678100586","0.35035085678100586","0.35035085678100586"
"10470","0.36061131954193115","0.36061131954193115","0.36061131954193115","0.35918137431144714","0.35918137431144714","0.35918137431144714"
"10480","0.346899151802063","0.346899151802063","0.346899151802063","0.3451699912548065","0.3451699912548065","0.3451699912548065"
"10490","0.45969337224960327","0.45969337224960327","0.45969337224960327","0.45479193329811096","0.45479193329811096","0.45479193329811096"
"10500","0.4160568416118622","0.4160568416118622","0.4160568416118622","0.40945911407470703","0.40945911407470703","0.40945911407470703"
"10510","0.4049903154373169","0.4049903154373169","0.4049903154373169","0.40166282653808594","0.40166282653808594","0.40166282653808594"
"10520","0.35244178771972656","0.35244178771972656","0.35244178771972656","0.35079389810562134","0.35079389810562134","0.35079389810562134"
"10530","0.340747594833374","0.340747594833374","0.340747594833374","0.3380550146102905","0.3380550146102905","0.3380550146102905"
"10540","0.2784489691257477","0.2784489691257477","0.2784489691257477","0.2762129306793213","0.2762129306793213","0.2762129306793213"
"10550","0.3266022503376007","0.3266022503376007","0.3266022503376007","0.3289293646812439","0.3289293646812439","0.3289293646812439"
"10560","0.21732543408870697","0.21732543408870697","0.21732543408870697","0.21675659716129303","0.21675659716129303","0.21675659716129303"
"10570","0.4941125512123108","0.4941125512123108","0.4941125512123108","0.4880105257034302","0.4880105257034302","0.4880105257034302"
"10580","0.33279675245285034","0.33279675245285034","0.33279675245285034","0.3304385542869568","0.3304385542869568","0.3304385542869568"
"10590","0.30318349599838257","0.30318349599838257","0.30318349599838257","0.29947346448898315","0.29947346448898315","0.29947346448898315"
"10600","0.31692779064178467","0.31692779064178467","0.31692779064178467","0.31348568201065063","0.31348568201065063","0.31348568201065063"
"10610","0.4052014946937561","0.4052014946937561","0.4052014946937561","0.4041596055030823","0.4041596055030823","0.4041596055030823"
"10620","0.3141970932483673","0.3141970932483673","0.3141970932483673","0.31413373351097107","0.31413373351097107","0.31413373351097107"
"10630","0.5938422083854675","0.5938422083854675","0.5938422083854675","0.5952161550521851","0.5952161550521851","0.5952161550521851"
"10640","0.4646216630935669","0.4646216630935669","0.4646216630935669","0.4625311493873596","0.4625311493873596","0.4625311493873596"
"10650","0.33288899064064026","0.33288899064064026","0.33288899064064026","0.3304770290851593","0.3304770290851593","0.3304770290851593"
"10660","0.4222698509693146","0.4222698509693146","0.4222698509693146","0.4187811017036438","0.4187811017036438","0.4187811017036438"
"10670","0.48235630989074707","0.48235630989074707","0.48235630989074707","0.47635582089424133","0.47635582089424133","0.47635582089424133"
"10680","0.339872807264328","0.339872807264328","0.339872807264328","0.33726322650909424","0.33726322650909424","0.33726322650909424"
"10690","0.43072277307510376","0.43072277307510376","0.43072277307510376","0.42830154299736023","0.42830154299736023","0.42830154299736023"
"10700","0.5631192922592163","0.5631192922592163","0.5631192922592163","0.560871958732605","0.560871958732605","0.560871958732605"
"10710","0.36883097887039185","0.36883097887039185","0.36883097887039185","0.37099677324295044","0.37099677324295044","0.37099677324295044"
"10720","0.4328257143497467","0.4328257143497467","0.4328257143497467","0.42777514457702637","0.42777514457702637","0.42777514457702637"
"10730","0.4235062599182129","0.4235062599182129","0.4235062599182129","0.41700559854507446","0.41700559854507446","0.41700559854507446"
"10740","0.4007277488708496","0.4007277488708496","0.4007277488708496","0.3972325026988983","0.3972325026988983","0.3972325026988983"
"10750","0.49724280834198","0.49724280834198","0.49724280834198","0.496855765581131","0.496855765581131","0.496855765581131"
"10760","0.4162813425064087","0.4162813425064087","0.4162813425064087","0.4169842600822449","0.4169842600822449","0.4169842600822449"
"10770","0.4211660325527191","0.4211660325527191","0.4211660325527191","0.4242737293243408","0.4242737293243408","0.4242737293243408"
"10780","0.5113883018493652","0.5113883018493652","0.5113883018493652","0.5066447257995605","0.5066447257995605","0.5066447257995605"
"10790","0.32013607025146484","0.32013607025146484","0.32013607025146484","0.3201230764389038","0.3201230764389038","0.3201230764389038"
"10800","0.4171347916126251","0.4171347916126251","0.4171347916126251","0.4131774306297302","0.4131774306297302","0.4131774306297302"
"10810","0.22802747786045074","0.22802747786045074","0.22802747786045074","0.22425901889801025","0.22425901889801025","0.22425901889801025"
"10820","0.2918693423271179","0.2918693423271179","0.2918693423271179","0.28925207257270813","0.28925207257270813","0.28925207257270813"
"10830","0.2358076572418213","0.2358076572418213","0.2358076572418213","0.23639263212680817","0.23639263212680817","0.23639263212680817"
"10840","0.46272632479667664","0.46272632479667664","0.46272632479667664","0.46242383122444153","0.46242383122444153","0.46242383122444153"
"10850","0.316887229681015","0.316887229681015","0.316887229681015","0.31437548995018005","0.31437548995018005","0.31437548995018005"
"10860","0.37180396914482117","0.37180396914482117","0.37180396914482117","0.3611871004104614","0.3611871004104614","0.3611871004104614"
"10870","0.4932875633239746","0.4932875633239746","0.4932875633239746","0.490203857421875","0.490203857421875","0.490203857421875"
"10880","0.3946516513824463","0.3946516513824463","0.3946516513824463","0.3942517042160034","0.3942517042160034","0.3942517042160034"
"10890","0.3799782693386078","0.3799782693386078","0.3799782693386078","0.37710443139076233","0.37710443139076233","0.37710443139076233"
"10900","0.36742472648620605","0.36742472648620605","0.36742472648620605","0.3669084906578064","0.3669084906578064","0.3669084906578064"
"10910","0.2805510461330414","0.2805510461330414","0.2805510461330414","0.27677714824676514","0.27677714824676514","0.27677714824676514"
"10920","0.6249492168426514","0.6249492168426514","0.6249492168426514","0.6523653864860535","0.6523653864860535","0.6523653864860535"
"10930","0.42032870650291443","0.42032870650291443","0.42032870650291443","0.4158385992050171","0.4158385992050171","0.4158385992050171"
"10940","0.5480833053588867","0.5480833053588867","0.5480833053588867","0.5424888730049133","0.5424888730049133","0.5424888730049133"
"10950","0.543009877204895","0.543009877204895","0.543009877204895","0.5402765274047852","0.5402765274047852","0.5402765274047852"
"10960","0.3315576910972595","0.3315576910972595","0.3315576910972595","0.3258289694786072","0.3258289694786072","0.3258289694786072"
"10970","0.36734890937805176","0.36734890937805176","0.36734890937805176","0.36505618691444397","0.36505618691444397","0.36505618691444397"
"10980","0.29101690649986267","0.29101690649986267","0.29101690649986267","0.2957195043563843","0.2957195043563843","0.2957195043563843"
"10990","0.40854498744010925","0.40854498744010925","0.40854498744010925","0.4072152078151703","0.4072152078151703","0.4072152078151703"
"11000","0.47713127732276917","0.47713127732276917","0.47713127732276917","0.47112488746643066","0.47112488746643066","0.47112488746643066"
"11010","0.4701266586780548","0.4701266586780548","0.4701266586780548","0.46734169125556946","0.46734169125556946","0.46734169125556946"
"11020","0.31830382347106934","0.31830382347106934","0.31830382347106934","0.31531432271003723","0.31531432271003723","0.31531432271003723"
"11030","0.3374711871147156","0.3374711871147156","0.3374711871147156","0.3369287848472595","0.3369287848472595","0.3369287848472595"
"11040","0.31899774074554443","0.31899774074554443","0.31899774074554443","0.3093932867050171","0.3093932867050171","0.3093932867050171"
"11050","0.23120766878128052","0.23120766878128052","0.23120766878128052","0.22784993052482605","0.22784993052482605","0.22784993052482605"
"11060","0.3986019492149353","0.3986019492149353","0.3986019492149353","0.3967907130718231","0.3967907130718231","0.3967907130718231"
"11070","0.3438657820224762","0.3438657820224762","0.3438657820224762","0.3417556583881378","0.3417556583881378","0.3417556583881378"
"11080","0.27783897519111633","0.27783897519111633","0.27783897519111633","0.2766828238964081","0.2766828238964081","0.2766828238964081"
"11090","0.30833375453948975","0.30833375453948975","0.30833375453948975","0.30972811579704285","0.30972811579704285","0.30972811579704285"
"11100","0.22858917713165283","0.22858917713165283","0.22858917713165283","0.22480341792106628","0.22480341792106628","0.22480341792106628"
"11110","0.29678380489349365","0.29678380489349365","0.29678380489349365","0.2937813103199005","0.2937813103199005","0.2937813103199005"
"11120","0.3514314293861389","0.3514314293861389","0.3514314293861389","0.35021185874938965","0.35021185874938965","0.35021185874938965"
"11130","0.21697217226028442","0.21697217226028442","0.21697217226028442","0.21621307730674744","0.21621307730674744","0.21621307730674744"
"11140","0.4095228910446167","0.4095228910446167","0.4095228910446167","0.40598419308662415","0.40598419308662415","0.40598419308662415"
"11150","0.5439580082893372","0.5439580082893372","0.5439580082893372","0.5401831269264221","0.5401831269264221","0.5401831269264221"
"11160","0.30315259099006653","0.30315259099006653","0.30315259099006653","0.3003905117511749","0.3003905117511749","0.3003905117511749"
"11170","0.4098602533340454","0.4098602533340454","0.4098602533340454","0.406953364610672","0.406953364610672","0.406953364610672"
"11180","0.43108129501342773","0.43108129501342773","0.43108129501342773","0.4312703609466553","0.4312703609466553","0.4312703609466553"
"11190","0.413174569606781","0.413174569606781","0.413174569606781","0.4138558804988861","0.4138558804988861","0.4138558804988861"
"11200","0.6044098138809204","0.6044098138809204","0.6044098138809204","0.6025463342666626","0.6025463342666626","0.6025463342666626"
"11210","0.33284521102905273","0.33284521102905273","0.33284521102905273","0.33350661396980286","0.33350661396980286","0.33350661396980286"
"11220","0.37589284777641296","0.37589284777641296","0.37589284777641296","0.37245163321495056","0.37245163321495056","0.37245163321495056"
"11230","0.3302639424800873","0.3302639424800873","0.3302639424800873","0.3276958763599396","0.3276958763599396","0.3276958763599396"
"11240","0.24810484051704407","0.24810484051704407","0.24810484051704407","0.24610161781311035","0.24610161781311035","0.24610161781311035"
"11250","0.4940859079360962","0.4940859079360962","0.4940859079360962","0.48592695593833923","0.48592695593833923","0.48592695593833923"
"11260","0.4556594789028168","0.4556594789028168","0.4556594789028168","0.4516545236110687","0.4516545236110687","0.4516545236110687"
"11270","0.48172158002853394","0.48172158002853394","0.48172158002853394","0.48008716106414795","0.48008716106414795","0.48008716106414795"
"11280","0.5031763911247253","0.5031763911247253","0.5031763911247253","0.49630433320999146","0.49630433320999146","0.49630433320999146"
"11290","0.3731929659843445","0.3731929659843445","0.3731929659843445","0.36998313665390015","0.36998313665390015","0.36998313665390015"
"11300","0.33029383420944214","0.33029383420944214","0.33029383420944214","0.3304414451122284","0.3304414451122284","0.3304414451122284"
"11310","0.3329387903213501","0.3329387903213501","0.3329387903213501","0.3288065195083618","0.3288065195083618","0.3288065195083618"
"11320","0.4648692011833191","0.4648692011833191","0.4648692011833191","0.4607424736022949","0.4607424736022949","0.4607424736022949"
"11330","0.46037402749061584","0.46037402749061584","0.46037402749061584","0.4541565179824829","0.4541565179824829","0.4541565179824829"
"11340","0.4958692789077759","0.4958692789077759","0.4958692789077759","0.49384546279907227","0.49384546279907227","0.49384546279907227"
"11350","0.1864456981420517","0.1864456981420517","0.1864456981420517","0.18789979815483093","0.18789979815483093","0.18789979815483093"
"11360","0.4342184066772461","0.4342184066772461","0.4342184066772461","0.4319397509098053","0.4319397509098053","0.4319397509098053"
"11370","0.365486741065979","0.365486741065979","0.365486741065979","0.36293908953666687","0.36293908953666687","0.36293908953666687"
"11380","0.38239824771881104","0.38239824771881104","0.38239824771881104","0.37853705883026123","0.37853705883026123","0.37853705883026123"
"11390","0.2402496635913849","0.2402496635913849","0.2402496635913849","0.2379819005727768","0.2379819005727768","0.2379819005727768"
"11400","0.309475302696228","0.309475302696228","0.309475302696228","0.3067384660243988","0.3067384660243988","0.3067384660243988"
"11410","0.3972892463207245","0.3972892463207245","0.3972892463207245","0.39490678906440735","0.39490678906440735","0.39490678906440735"
"11420","0.5103838443756104","0.5103838443756104","0.5103838443756104","0.50719153881073","0.50719153881073","0.50719153881073"
"11430","0.34980443120002747","0.34980443120002747","0.34980443120002747","0.34637507796287537","0.34637507796287537","0.34637507796287537"
"11440","0.4232074022293091","0.4232074022293091","0.4232074022293091","0.4227667450904846","0.4227667450904846","0.4227667450904846"
"11450","0.23057690262794495","0.23057690262794495","0.23057690262794495","0.2290668487548828","0.2290668487548828","0.2290668487548828"
"11460","0.3981223404407501","0.3981223404407501","0.3981223404407501","0.3903273046016693","0.3903273046016693","0.3903273046016693"
"11470","0.44981497526168823","0.44981497526168823","0.44981497526168823","0.44398370385169983","0.44398370385169983","0.44398370385169983"
"11480","0.3719402253627777","0.3719402253627777","0.3719402253627777","0.36840030550956726","0.36840030550956726","0.36840030550956726"
"11490","0.33819207549095154","0.33819207549095154","0.33819207549095154","0.3299316465854645","0.3299316465854645","0.3299316465854645"
"11500","0.26425671577453613","0.26425671577453613","0.26425671577453613","0.26169413328170776","0.26169413328170776","0.26169413328170776"
"11510","0.41344311833381653","0.41344311833381653","0.41344311833381653","0.4151409864425659","0.4151409864425659","0.4151409864425659"
"11520","0.38046520948410034","0.38046520948410034","0.38046520948410034","0.37580224871635437","0.37580224871635437","0.37580224871635437"
"11530","0.293988972902298","0.293988972902298","0.293988972902298","0.29167741537094116","0.29167741537094116","0.29167741537094116"
"11540","0.6024056673049927","0.6024056673049927","0.6024056673049927","0.5946207642555237","0.5946207642555237","0.5946207642555237"
"11550","0.3291410207748413","0.3291410207748413","0.3291410207748413","0.32569122314453125","0.32569122314453125","0.32569122314453125"
"11560","0.23066098988056183","0.23066098988056183","0.23066098988056183","0.22783423960208893","0.22783423960208893","0.22783423960208893"
"11570","0.4495157301425934","0.4495157301425934","0.4495157301425934","0.44550803303718567","0.44550803303718567","0.44550803303718567"
"11580","0.35059961676597595","0.35059961676597595","0.35059961676597595","0.3497817814350128","0.3497817814350128","0.3497817814350128"
"11590","0.37240856885910034","0.37240856885910034","0.37240856885910034","0.36919233202934265","0.36919233202934265","0.36919233202934265"
"11600","0.26012471318244934","0.26012471318244934","0.26012471318244934","0.2595817744731903","0.2595817744731903","0.2595817744731903"
"11610","0.4239383637905121","0.4239383637905121","0.4239383637905121","0.4178383946418762","0.4178383946418762","0.4178383946418762"
"11620","0.49887728691101074","0.49887728691101074","0.49887728691101074","0.4959763288497925","0.4959763288497925","0.4959763288497925"
"11630","0.2977566123008728","0.2977566123008728","0.2977566123008728","0.29660630226135254","0.29660630226135254","0.29660630226135254"
"11640","0.2811794579029083","0.2811794579029083","0.2811794579029083","0.2782938480377197","0.2782938480377197","0.2782938480377197"
"11650","0.4597793221473694","0.4597793221473694","0.4597793221473694","0.45721936225891113","0.45721936225891113","0.45721936225891113"
"11660","0.5528787970542908","0.5528787970542908","0.5528787970542908","0.5494747757911682","0.5494747757911682","0.5494747757911682"
"11670","0.31177496910095215","0.31177496910095215","0.31177496910095215","0.3112059533596039","0.3112059533596039","0.3112059533596039"
"11680","0.5141729116439819","0.5141729116439819","0.5141729116439819","0.5091098546981812","0.5091098546981812","0.5091098546981812"
"11690","0.49864327907562256","0.49864327907562256","0.49864327907562256","0.49444276094436646","0.49444276094436646","0.49444276094436646"
"11700","0.3802093267440796","0.3802093267440796","0.3802093267440796","0.37466898560523987","0.37466898560523987","0.37466898560523987"
"11710","0.434700608253479","0.434700608253479","0.434700608253479","0.4354407787322998","0.4354407787322998","0.4354407787322998"
"11720","0.46121248602867126","0.46121248602867126","0.46121248602867126","0.46280908584594727","0.46280908584594727","0.46280908584594727"
"11730","0.2603718936443329","0.2603718936443329","0.2603718936443329","0.25823935866355896","0.25823935866355896","0.25823935866355896"
"11740","0.4927878975868225","0.4927878975868225","0.4927878975868225","0.4952527582645416","0.4952527582645416","0.4952527582645416"
"11750","0.26614996790885925","0.26614996790885925","0.26614996790885925","0.2601725459098816","0.2601725459098816","0.2601725459098816"
"11760","0.32835936546325684","0.32835936546325684","0.32835936546325684","0.32820096611976624","0.32820096611976624","0.32820096611976624"
"11770","0.25714221596717834","0.25714221596717834","0.25714221596717834","0.2530516982078552","0.2530516982078552","0.2530516982078552"
"11780","0.16461455821990967","0.16461455821990967","0.16461455821990967","0.16327369213104248","0.16327369213104248","0.16327369213104248"
"11790","0.582024335861206","0.582024335861206","0.582024335861206","0.572952926158905","0.572952926158905","0.572952926158905"
"11800","0.18429070711135864","0.18429070711135864","0.18429070711135864","0.1836428940296173","0.1836428940296173","0.1836428940296173"
"11810","0.3557688593864441","0.3557688593864441","0.3557688593864441","0.35280632972717285","0.35280632972717285","0.35280632972717285"
"11820","0.3514593839645386","0.3514593839645386","0.3514593839645386","0.35214662551879883","0.35214662551879883","0.35214662551879883"
"11830","0.39091530442237854","0.39091530442237854","0.39091530442237854","0.3866662383079529","0.3866662383079529","0.3866662383079529"
"11840","0.35965603590011597","0.35965603590011597","0.35965603590011597","0.3605441749095917","0.3605441749095917","0.3605441749095917"
"11850","0.31771552562713623","0.31771552562713623","0.31771552562713623","0.3159582316875458","0.3159582316875458","0.3159582316875458"
"11860","0.5176686644554138","0.5176686644554138","0.5176686644554138","0.513333797454834","0.513333797454834","0.513333797454834"
"11870","0.40350115299224854","0.40350115299224854","0.40350115299224854","0.39839300513267517","0.39839300513267517","0.39839300513267517"
"11880","0.3093213438987732","0.3093213438987732","0.3093213438987732","0.3069113492965698","0.3069113492965698","0.3069113492965698"
"11890","0.5438254475593567","0.5438254475593567","0.5438254475593567","0.540854811668396","0.540854811668396","0.540854811668396"
"11900","0.3672740161418915","0.3672740161418915","0.3672740161418915","0.3624100685119629","0.3624100685119629","0.3624100685119629"
"11910","0.524678111076355","0.524678111076355","0.524678111076355","0.5234571695327759","0.5234571695327759","0.5234571695327759"
"11920","0.3545105457305908","0.3545105457305908","0.3545105457305908","0.35110849142074585","0.35110849142074585","0.35110849142074585"
"11930","0.33743348717689514","0.33743348717689514","0.33743348717689514","0.3321303725242615","0.3321303725242615","0.3321303725242615"
"11940","0.271808922290802","0.271808922290802","0.271808922290802","0.26770976185798645","0.26770976185798645","0.26770976185798645"
"11950","0.31782615184783936","0.31782615184783936","0.31782615184783936","0.3132728338241577","0.3132728338241577","0.3132728338241577"
"11960","0.2951087951660156","0.2951087951660156","0.2951087951660156","0.2931826710700989","0.2931826710700989","0.2931826710700989"
"11970","0.5728203654289246","0.5728203654289246","0.5728203654289246","0.5728721618652344","0.5728721618652344","0.5728721618652344"
"11980","0.46446752548217773","0.46446752548217773","0.46446752548217773","0.46215593814849854","0.46215593814849854","0.46215593814849854"
"11990","0.34694433212280273","0.34694433212280273","0.34694433212280273","0.34343013167381287","0.34343013167381287","0.34343013167381287"
"12000","0.21833880245685577","0.21833880245685577","0.21833880245685577","0.21830521523952484","0.21830521523952484","0.21830521523952484"
"12010","0.4686325192451477","0.4686325192451477","0.4686325192451477","0.46701323986053467","0.46701323986053467","0.46701323986053467"
"12020","0.2421128898859024","0.2421128898859024","0.2421128898859024","0.24025678634643555","0.24025678634643555","0.24025678634643555"
"12030","0.29874831438064575","0.29874831438064575","0.29874831438064575","0.29987701773643494","0.29987701773643494","0.29987701773643494"
"12040","0.5188360810279846","0.5188360810279846","0.5188360810279846","0.5160435438156128","0.5160435438156128","0.5160435438156128"
"12050","0.407207727432251","0.407207727432251","0.407207727432251","0.4058662950992584","0.4058662950992584","0.4058662950992584"
"12060","0.2941242456436157","0.2941242456436157","0.2941242456436157","0.2917398512363434","0.2917398512363434","0.2917398512363434"
"12070","0.6183154582977295","0.6183154582977295","0.6183154582977295","0.6170362830162048","0.6170362830162048","0.6170362830162048"
"12080","0.2830130159854889","0.2830130159854889","0.2830130159854889","0.2792583703994751","0.2792583703994751","0.2792583703994751"
"12090","0.3654550611972809","0.3654550611972809","0.3654550611972809","0.364632248878479","0.364632248878479","0.364632248878479"
"12100","0.31844326853752136","0.31844326853752136","0.31844326853752136","0.31545960903167725","0.31545960903167725","0.31545960903167725"
"12110","0.3668818771839142","0.3668818771839142","0.3668818771839142","0.3603537380695343","0.3603537380695343","0.3603537380695343"
"12120","0.39873331785202026","0.39873331785202026","0.39873331785202026","0.3975505232810974","0.3975505232810974","0.3975505232810974"
"12130","0.4478065073490143","0.4478065073490143","0.4478065073490143","0.4459713101387024","0.4459713101387024","0.4459713101387024"
"12140","0.3228561282157898","0.3228561282157898","0.3228561282157898","0.32660388946533203","0.32660388946533203","0.32660388946533203"
"12150","0.5258203744888306","0.5258203744888306","0.5258203744888306","0.523048996925354","0.523048996925354","0.523048996925354"
"12160","0.47348541021347046","0.47348541021347046","0.47348541021347046","0.47092294692993164","0.47092294692993164","0.47092294692993164"
"12170","0.2965920567512512","0.2965920567512512","0.2965920567512512","0.2953487038612366","0.2953487038612366","0.2953487038612366"
"12180","0.5327376127243042","0.5327376127243042","0.5327376127243042","0.5270689725875854","0.5270689725875854","0.5270689725875854"
"12190","0.42322221398353577","0.42322221398353577","0.42322221398353577","0.41620394587516785","0.41620394587516785","0.41620394587516785"
"12200","0.2696889638900757","0.2696889638900757","0.2696889638900757","0.26857781410217285","0.26857781410217285","0.26857781410217285"
"12210","0.3985745906829834","0.3985745906829834","0.3985745906829834","0.3931612968444824","0.3931612968444824","0.3931612968444824"
"12220","0.3949827253818512","0.3949827253818512","0.3949827253818512","0.391632616519928","0.391632616519928","0.391632616519928"
"12230","0.34856510162353516","0.34856510162353516","0.34856510162353516","0.34589964151382446","0.34589964151382446","0.34589964151382446"
"12240","0.3921428918838501","0.3921428918838501","0.3921428918838501","0.3890632092952728","0.3890632092952728","0.3890632092952728"
"12250","0.4353518486022949","0.4353518486022949","0.4353518486022949","0.43193966150283813","0.43193966150283813","0.43193966150283813"
"12260","0.3474063277244568","0.3474063277244568","0.3474063277244568","0.34672221541404724","0.34672221541404724","0.34672221541404724"
"12270","0.5156816244125366","0.5156816244125366","0.5156816244125366","0.5147438645362854","0.5147438645362854","0.5147438645362854"
"12280","0.5111134052276611","0.5111134052276611","0.5111134052276611","0.5095009207725525","0.5095009207725525","0.5095009207725525"
"12290","0.4610849618911743","0.4610849618911743","0.4610849618911743","0.4600680470466614","0.4600680470466614","0.4600680470466614"
"12300","0.47026026248931885","0.47026026248931885","0.47026026248931885","0.46719324588775635","0.46719324588775635","0.46719324588775635"
"12310","0.33004671335220337","0.33004671335220337","0.33004671335220337","0.3276388943195343","0.3276388943195343","0.3276388943195343"
"12320","0.23298072814941406","0.23298072814941406","0.23298072814941406","0.23386605083942413","0.23386605083942413","0.23386605083942413"
"12330","0.35722270607948303","0.35722270607948303","0.35722270607948303","0.35702797770500183","0.35702797770500183","0.35702797770500183"
"12340","0.37592318654060364","0.37592318654060364","0.37592318654060364","0.37827348709106445","0.37827348709106445","0.37827348709106445"
"12350","0.39174607396125793","0.39174607396125793","0.39174607396125793","0.3938388228416443","0.3938388228416443","0.3938388228416443"
"12360","0.3747316896915436","0.3747316896915436","0.3747316896915436","0.37142014503479004","0.37142014503479004","0.37142014503479004"
"12370","0.2747346758842468","0.2747346758842468","0.2747346758842468","0.269674152135849","0.269674152135849","0.269674152135849"
"12380","0.38354623317718506","0.38354623317718506","0.38354623317718506","0.37907689809799194","0.37907689809799194","0.37907689809799194"
"12390","0.37593162059783936","0.37593162059783936","0.37593162059783936","0.37298136949539185","0.37298136949539185","0.37298136949539185"
"12400","0.35659268498420715","0.35659268498420715","0.35659268498420715","0.3559737205505371","0.3559737205505371","0.3559737205505371"
"12410","0.31042560935020447","0.31042560935020447","0.31042560935020447","0.3076350688934326","0.3076350688934326","0.3076350688934326"
"12420","0.41198983788490295","0.41198983788490295","0.41198983788490295","0.41101816296577454","0.41101816296577454","0.41101816296577454"
"12430","0.42902153730392456","0.42902153730392456","0.42902153730392456","0.4234040677547455","0.4234040677547455","0.4234040677547455"
"12440","0.25027015805244446","0.25027015805244446","0.25027015805244446","0.25184106826782227","0.25184106826782227","0.25184106826782227"
"12450","0.39880239963531494","0.39880239963531494","0.39880239963531494","0.3955576419830322","0.3955576419830322","0.3955576419830322"
"12460","0.3762684166431427","0.3762684166431427","0.3762684166431427","0.37480831146240234","0.37480831146240234","0.37480831146240234"
"12470","0.24699214100837708","0.24699214100837708","0.24699214100837708","0.24488389492034912","0.24488389492034912","0.24488389492034912"
"12480","0.37831902503967285","0.37831902503967285","0.37831902503967285","0.3795841932296753","0.3795841932296753","0.3795841932296753"
"12490","0.31003308296203613","0.31003308296203613","0.31003308296203613","0.3057388663291931","0.3057388663291931","0.3057388663291931"
"12500","0.34338223934173584","0.34338223934173584","0.34338223934173584","0.3426750600337982","0.3426750600337982","0.3426750600337982"
"12510","0.43053191900253296","0.43053191900253296","0.43053191900253296","0.42875489592552185","0.42875489592552185","0.42875489592552185"
"12520","0.5411686897277832","0.5411686897277832","0.5411686897277832","0.539239764213562","0.539239764213562","0.539239764213562"
"12530","0.5404005646705627","0.5404005646705627","0.5404005646705627","0.533305287361145","0.533305287361145","0.533305287361145"
"12540","0.22981223464012146","0.22981223464012146","0.22981223464012146","0.22809244692325592","0.22809244692325592","0.22809244692325592"
"12550","0.5025220513343811","0.5025220513343811","0.5025220513343811","0.4911370575428009","0.4911370575428009","0.4911370575428009"
"12560","0.4659672975540161","0.4659672975540161","0.4659672975540161","0.46107548475265503","0.46107548475265503","0.46107548475265503"
"12570","0.37531256675720215","0.37531256675720215","0.37531256675720215","0.3722112774848938","0.3722112774848938","0.3722112774848938"
"12580","0.3648345470428467","0.3648345470428467","0.3648345470428467","0.36559003591537476","0.36559003591537476","0.36559003591537476"
"12590","0.5154833197593689","0.5154833197593689","0.5154833197593689","0.5116690397262573","0.5116690397262573","0.5116690397262573"
"12600","0.2577764391899109","0.2577764391899109","0.2577764391899109","0.2554070055484772","0.2554070055484772","0.2554070055484772"
"12610","0.3995668292045593","0.3995668292045593","0.3995668292045593","0.39463603496551514","0.39463603496551514","0.39463603496551514"
"12620","0.3183366656303406","0.3183366656303406","0.3183366656303406","0.3171119689941406","0.3171119689941406","0.3171119689941406"
"12630","0.5344299674034119","0.5344299674034119","0.5344299674034119","0.527971625328064","0.527971625328064","0.527971625328064"
"12640","0.35653379559516907","0.35653379559516907","0.35653379559516907","0.3510635495185852","0.3510635495185852","0.3510635495185852"
"12650","0.3643256425857544","0.3643256425857544","0.3643256425857544","0.3575165271759033","0.3575165271759033","0.3575165271759033"
"12660","0.34579190611839294","0.34579190611839294","0.34579190611839294","0.3420082926750183","0.3420082926750183","0.3420082926750183"
"12670","0.3499034643173218","0.3499034643173218","0.3499034643173218","0.34767618775367737","0.34767618775367737","0.34767618775367737"
"12680","0.35053905844688416","0.35053905844688416","0.35053905844688416","0.3493978977203369","0.3493978977203369","0.3493978977203369"
"12690","0.5123766660690308","0.5123766660690308","0.5123766660690308","0.509206235408783","0.509206235408783","0.509206235408783"
"12700","0.36936646699905396","0.36936646699905396","0.36936646699905396","0.36043334007263184","0.36043334007263184","0.36043334007263184"
"12710","0.45697176456451416","0.45697176456451416","0.45697176456451416","0.4543313980102539","0.4543313980102539","0.4543313980102539"
"12720","0.42309921979904175","0.42309921979904175","0.42309921979904175","0.4195135831832886","0.4195135831832886","0.4195135831832886"
"12730","0.37557968497276306","0.37557968497276306","0.37557968497276306","0.3719298541545868","0.3719298541545868","0.3719298541545868"
"12740","0.30142742395401","0.30142742395401","0.30142742395401","0.3000890612602234","0.3000890612602234","0.3000890612602234"
"12750","0.2291410267353058","0.2291410267353058","0.2291410267353058","0.22771097719669342","0.22771097719669342","0.22771097719669342"
"12760","0.32323402166366577","0.32323402166366577","0.32323402166366577","0.32001590728759766","0.32001590728759766","0.32001590728759766"
"12770","0.5118056535720825","0.5118056535720825","0.5118056535720825","0.5051262378692627","0.5051262378692627","0.5051262378692627"
"12780","0.3710729479789734","0.3710729479789734","0.3710729479789734","0.3691311478614807","0.3691311478614807","0.3691311478614807"
"12790","0.34102439880371094","0.34102439880371094","0.34102439880371094","0.3397811949253082","0.3397811949253082","0.3397811949253082"
"12800","0.3648253083229065","0.3648253083229065","0.3648253083229065","0.36191055178642273","0.36191055178642273","0.36191055178642273"
"12810","0.2471572458744049","0.2471572458744049","0.2471572458744049","0.246028333902359","0.246028333902359","0.246028333902359"
"12820","0.2807389199733734","0.2807389199733734","0.2807389199733734","0.2789962887763977","0.2789962887763977","0.2789962887763977"
"12830","0.41561710834503174","0.41561710834503174","0.41561710834503174","0.41316670179367065","0.41316670179367065","0.41316670179367065"
"12840","0.3260703682899475","0.3260703682899475","0.3260703682899475","0.324288934469223","0.324288934469223","0.324288934469223"
"12850","0.41025757789611816","0.41025757789611816","0.41025757789611816","0.4077187478542328","0.4077187478542328","0.4077187478542328"
"12860","0.339039146900177","0.339039146900177","0.339039146900177","0.33611834049224854","0.33611834049224854","0.33611834049224854"
"12870","0.23422077298164368","0.23422077298164368","0.23422077298164368","0.2329578399658203","0.2329578399658203","0.2329578399658203"
"12880","0.3919931650161743","0.3919931650161743","0.3919931650161743","0.39126768708229065","0.39126768708229065","0.39126768708229065"
"12890","0.17479534447193146","0.17479534447193146","0.17479534447193146","0.17300961911678314","0.17300961911678314","0.17300961911678314"
"12900","0.45431429147720337","0.45431429147720337","0.45431429147720337","0.44728416204452515","0.44728416204452515","0.44728416204452515"
"12910","0.2603508234024048","0.2603508234024048","0.2603508234024048","0.2536754608154297","0.2536754608154297","0.2536754608154297"
"12920","0.48072606325149536","0.48072606325149536","0.48072606325149536","0.4758388102054596","0.4758388102054596","0.4758388102054596"
"12930","0.38182389736175537","0.38182389736175537","0.38182389736175537","0.3808705806732178","0.3808705806732178","0.3808705806732178"
"12940","0.3486223816871643","0.3486223816871643","0.3486223816871643","0.3443867564201355","0.3443867564201355","0.3443867564201355"
"12950","0.28359562158584595","0.28359562158584595","0.28359562158584595","0.27939602732658386","0.27939602732658386","0.27939602732658386"
"12960","0.3677758574485779","0.3677758574485779","0.3677758574485779","0.36389443278312683","0.36389443278312683","0.36389443278312683"
"12970","0.28767478466033936","0.28767478466033936","0.28767478466033936","0.28524529933929443","0.28524529933929443","0.28524529933929443"
"12980","0.5246443152427673","0.5246443152427673","0.5246443152427673","0.5228667259216309","0.5228667259216309","0.5228667259216309"
"12990","0.37288588285446167","0.37288588285446167","0.37288588285446167","0.3708452582359314","0.3708452582359314","0.3708452582359314"
"13000","0.3924521505832672","0.3924521505832672","0.3924521505832672","0.3868207335472107","0.3868207335472107","0.3868207335472107"
"13010","0.4222586750984192","0.4222586750984192","0.4222586750984192","0.4212116599082947","0.4212116599082947","0.4212116599082947"
"13020","0.6135290265083313","0.6135290265083313","0.6135290265083313","0.614931046962738","0.614931046962738","0.614931046962738"
"13030","0.5835620760917664","0.5835620760917664","0.5835620760917664","0.577743411064148","0.577743411064148","0.577743411064148"
"13040","0.3902554214000702","0.3902554214000702","0.3902554214000702","0.3858070373535156","0.3858070373535156","0.3858070373535156"
"13050","0.3749513328075409","0.3749513328075409","0.3749513328075409","0.3664967119693756","0.3664967119693756","0.3664967119693756"
"13060","0.3208129405975342","0.3208129405975342","0.3208129405975342","0.3194788098335266","0.3194788098335266","0.3194788098335266"
"13070","0.18705430626869202","0.18705430626869202","0.18705430626869202","0.18543680012226105","0.18543680012226105","0.18543680012226105"
"13080","0.38703423738479614","0.38703423738479614","0.38703423738479614","0.386421799659729","0.386421799659729","0.386421799659729"
"13090","0.35818639397621155","0.35818639397621155","0.35818639397621155","0.35788899660110474","0.35788899660110474","0.35788899660110474"
"13100","0.3109270930290222","0.3109270930290222","0.3109270930290222","0.3105269968509674","0.3105269968509674","0.3105269968509674"
"13110","0.3627692461013794","0.3627692461013794","0.3627692461013794","0.3603396713733673","0.3603396713733673","0.3603396713733673"
"13120","0.395692378282547","0.395692378282547","0.395692378282547","0.3918708562850952","0.3918708562850952","0.3918708562850952"
"13130","0.16506260633468628","0.16506260633468628","0.16506260633468628","0.16319958865642548","0.16319958865642548","0.16319958865642548"
"13140","0.5011249780654907","0.5011249780654907","0.5011249780654907","0.4966013431549072","0.4966013431549072","0.4966013431549072"
"13150","0.29961127042770386","0.29961127042770386","0.29961127042770386","0.2964348793029785","0.2964348793029785","0.2964348793029785"
"13160","0.40373295545578003","0.40373295545578003","0.40373295545578003","0.3996668756008148","0.3996668756008148","0.3996668756008148"
"13170","0.24439938366413116","0.24439938366413116","0.24439938366413116","0.24276815354824066","0.24276815354824066","0.24276815354824066"
"13180","0.36970189213752747","0.36970189213752747","0.36970189213752747","0.36687466502189636","0.36687466502189636","0.36687466502189636"
"13190","0.40319305658340454","0.40319305658340454","0.40319305658340454","0.4031239449977875","0.4031239449977875","0.4031239449977875"
"13200","0.3362412452697754","0.3362412452697754","0.3362412452697754","0.3312223553657532","0.3312223553657532","0.3312223553657532"
"13210","0.27540579438209534","0.27540579438209534","0.27540579438209534","0.275606632232666","0.275606632232666","0.275606632232666"
"13220","0.3378793001174927","0.3378793001174927","0.3378793001174927","0.33616453409194946","0.33616453409194946","0.33616453409194946"
"13230","0.29635488986968994","0.29635488986968994","0.29635488986968994","0.2964441776275635","0.2964441776275635","0.2964441776275635"
"13240","0.42103898525238037","0.42103898525238037","0.42103898525238037","0.41896647214889526","0.41896647214889526","0.41896647214889526"
"13250","0.2886107861995697","0.2886107861995697","0.2886107861995697","0.2876335680484772","0.2876335680484772","0.2876335680484772"
"13260","0.4500366449356079","0.4500366449356079","0.4500366449356079","0.44878363609313965","0.44878363609313965","0.44878363609313965"
"13270","0.6272032260894775","0.6272032260894775","0.6272032260894775","0.6236252784729004","0.6236252784729004","0.6236252784729004"
"13280","0.31530284881591797","0.31530284881591797","0.31530284881591797","0.31545546650886536","0.31545546650886536","0.31545546650886536"
"13290","0.22398890554904938","0.22398890554904938","0.22398890554904938","0.22379976511001587","0.22379976511001587","0.22379976511001587"
"13300","0.3377666175365448","0.3377666175365448","0.3377666175365448","0.3368895649909973","0.3368895649909973","0.3368895649909973"
"13310","0.3849370777606964","0.3849370777606964","0.3849370777606964","0.3804486095905304","0.3804486095905304","0.3804486095905304"
"13320","0.4254165291786194","0.4254165291786194","0.4254165291786194","0.42440634965896606","0.42440634965896606","0.42440634965896606"
"13330","0.43118050694465637","0.43118050694465637","0.43118050694465637","0.42904049158096313","0.42904049158096313","0.42904049158096313"
"13340","0.2764376997947693","0.2764376997947693","0.2764376997947693","0.2728825509548187","0.2728825509548187","0.2728825509548187"
"13350","0.23321238160133362","0.23321238160133362","0.23321238160133362","0.23004911839962006","0.23004911839962006","0.23004911839962006"
"13360","0.4641876220703125","0.4641876220703125","0.4641876220703125","0.4645426273345947","0.4645426273345947","0.4645426273345947"
"13370","0.3823912739753723","0.3823912739753723","0.3823912739753723","0.38352862000465393","0.38352862000465393","0.38352862000465393"
"13380","0.4440556764602661","0.4440556764602661","0.4440556764602661","0.4443603754043579","0.4443603754043579","0.4443603754043579"
"13390","0.40221139788627625","0.40221139788627625","0.40221139788627625","0.39926081895828247","0.39926081895828247","0.39926081895828247"
"13400","0.33298709988594055","0.33298709988594055","0.33298709988594055","0.33060938119888306","0.33060938119888306","0.33060938119888306"
"13410","0.4075010418891907","0.4075010418891907","0.4075010418891907","0.4049952030181885","0.4049952030181885","0.4049952030181885"
"13420","0.2597419023513794","0.2597419023513794","0.2597419023513794","0.2568981647491455","0.2568981647491455","0.2568981647491455"
"13430","0.36909204721450806","0.36909204721450806","0.36909204721450806","0.36354950070381165","0.36354950070381165","0.36354950070381165"
"13440","0.4358925521373749","0.4358925521373749","0.4358925521373749","0.43252113461494446","0.43252113461494446","0.43252113461494446"
"13450","0.5874567627906799","0.5874567627906799","0.5874567627906799","0.5856724977493286","0.5856724977493286","0.5856724977493286"
"13460","0.483144611120224","0.483144611120224","0.483144611120224","0.4808201193809509","0.4808201193809509","0.4808201193809509"
"13470","0.3339061141014099","0.3339061141014099","0.3339061141014099","0.332091748714447","0.332091748714447","0.332091748714447"
"13480","0.596679151058197","0.596679151058197","0.596679151058197","0.5895548462867737","0.5895548462867737","0.5895548462867737"
"13490","0.37672579288482666","0.37672579288482666","0.37672579288482666","0.37296348810195923","0.37296348810195923","0.37296348810195923"
"13500","0.4294171631336212","0.4294171631336212","0.4294171631336212","0.4265625774860382","0.4265625774860382","0.4265625774860382"
"13510","0.3573499917984009","0.3573499917984009","0.3573499917984009","0.3544679284095764","0.3544679284095764","0.3544679284095764"
"13520","0.33917155861854553","0.33917155861854553","0.33917155861854553","0.3369533121585846","0.3369533121585846","0.3369533121585846"
"13530","0.37106040120124817","0.37106040120124817","0.37106040120124817","0.36470553278923035","0.36470553278923035","0.36470553278923035"
"13540","0.2511844336986542","0.2511844336986542","0.2511844336986542","0.24999618530273438","0.24999618530273438","0.24999618530273438"
"13550","0.37757331132888794","0.37757331132888794","0.37757331132888794","0.3764973282814026","0.3764973282814026","0.3764973282814026"
"13560","0.24322499334812164","0.24322499334812164","0.24322499334812164","0.24530188739299774","0.24530188739299774","0.24530188739299774"
"13570","0.34640058875083923","0.34640058875083923","0.34640058875083923","0.3445996642112732","0.3445996642112732","0.3445996642112732"
"13580","0.3099803328514099","0.3099803328514099","0.3099803328514099","0.30800503492355347","0.30800503492355347","0.30800503492355347"
"13590","0.46535396575927734","0.46535396575927734","0.46535396575927734","0.4602113366127014","0.4602113366127014","0.4602113366127014"
"13600","0.17446841299533844","0.17446841299533844","0.17446841299533844","0.17537398636341095","0.17537398636341095","0.17537398636341095"
"13610","0.38331711292266846","0.38331711292266846","0.38331711292266846","0.3780536651611328","0.3780536651611328","0.3780536651611328"
"13620","0.32885974645614624","0.32885974645614624","0.32885974645614624","0.3254964351654053","0.3254964351654053","0.3254964351654053"
"13630","0.4813704490661621","0.4813704490661621","0.4813704490661621","0.47524499893188477","0.47524499893188477","0.47524499893188477"
"13640","0.38361549377441406","0.38361549377441406","0.38361549377441406","0.3823632299900055","0.3823632299900055","0.3823632299900055"
"13650","0.2961074113845825","0.2961074113845825","0.2961074113845825","0.2926290035247803","0.2926290035247803","0.2926290035247803"
"13660","0.39258018136024475","0.39258018136024475","0.39258018136024475","0.38919174671173096","0.38919174671173096","0.38919174671173096"
"13670","0.34484970569610596","0.34484970569610596","0.34484970569610596","0.34244221448898315","0.34244221448898315","0.34244221448898315"
"13680","0.49262967705726624","0.49262967705726624","0.49262967705726624","0.4905296564102173","0.4905296564102173","0.4905296564102173"
"13690","0.24699801206588745","0.24699801206588745","0.24699801206588745","0.24551114439964294","0.24551114439964294","0.24551114439964294"
"13700","0.25634658336639404","0.25634658336639404","0.25634658336639404","0.25439125299453735","0.25439125299453735","0.25439125299453735"
"13710","0.5247381329536438","0.5247381329536438","0.5247381329536438","0.5231348276138306","0.5231348276138306","0.5231348276138306"
"13720","0.3001859784126282","0.3001859784126282","0.3001859784126282","0.29707008600234985","0.29707008600234985","0.29707008600234985"
"13730","0.291027307510376","0.291027307510376","0.291027307510376","0.28864791989326477","0.28864791989326477","0.28864791989326477"
"13740","0.2554345726966858","0.2554345726966858","0.2554345726966858","0.25390592217445374","0.25390592217445374","0.25390592217445374"
"13750","0.42837271094322205","0.42837271094322205","0.42837271094322205","0.4280460774898529","0.4280460774898529","0.4280460774898529"
"13760","0.2537078857421875","0.2537078857421875","0.2537078857421875","0.252663254737854","0.252663254737854","0.252663254737854"
"13770","0.6017186641693115","0.6017186641693115","0.6017186641693115","0.6002746820449829","0.6002746820449829","0.6002746820449829"
"13780","0.35320767760276794","0.35320767760276794","0.35320767760276794","0.35109713673591614","0.35109713673591614","0.35109713673591614"
"13790","0.3213746249675751","0.3213746249675751","0.3213746249675751","0.3166213929653168","0.3166213929653168","0.3166213929653168"
"13800","0.3440467119216919","0.3440467119216919","0.3440467119216919","0.3425728380680084","0.3425728380680084","0.3425728380680084"
"13810","0.4032800793647766","0.4032800793647766","0.4032800793647766","0.40111520886421204","0.40111520886421204","0.40111520886421204"
"13820","0.4971805512905121","0.4971805512905121","0.4971805512905121","0.4940374493598938","0.4940374493598938","0.4940374493598938"
"13830","0.2973543405532837","0.2973543405532837","0.2973543405532837","0.2948392331600189","0.2948392331600189","0.2948392331600189"
"13840","0.5621086359024048","0.5621086359024048","0.5621086359024048","0.556276798248291","0.556276798248291","0.556276798248291"
"13850","0.2655818462371826","0.2655818462371826","0.2655818462371826","0.26375406980514526","0.26375406980514526","0.26375406980514526"
"13860","0.5929832458496094","0.5929832458496094","0.5929832458496094","0.595018744468689","0.595018744468689","0.595018744468689"
"13870","0.3353506624698639","0.3353506624698639","0.3353506624698639","0.3314708471298218","0.3314708471298218","0.3314708471298218"
"13880","0.2896406948566437","0.2896406948566437","0.2896406948566437","0.2874617278575897","0.2874617278575897","0.2874617278575897"
"13890","0.4792645275592804","0.4792645275592804","0.4792645275592804","0.4736587405204773","0.4736587405204773","0.4736587405204773"
"13900","0.1722419410943985","0.1722419410943985","0.1722419410943985","0.17133019864559174","0.17133019864559174","0.17133019864559174"
"13910","0.37319663166999817","0.37319663166999817","0.37319663166999817","0.3695511221885681","0.3695511221885681","0.3695511221885681"
"13920","0.43403613567352295","0.43403613567352295","0.43403613567352295","0.4294546842575073","0.4294546842575073","0.4294546842575073"
"13930","0.40791845321655273","0.40791845321655273","0.40791845321655273","0.40723463892936707","0.40723463892936707","0.40723463892936707"
"13940","0.2151135504245758","0.2151135504245758","0.2151135504245758","0.21348348259925842","0.21348348259925842","0.21348348259925842"
"13950","0.4143448770046234","0.4143448770046234","0.4143448770046234","0.41088882088661194","0.41088882088661194","0.41088882088661194"
"13960","0.40895578265190125","0.40895578265190125","0.40895578265190125","0.40700381994247437","0.40700381994247437","0.40700381994247437"
"13970","0.5092748403549194","0.5092748403549194","0.5092748403549194","0.5060477256774902","0.5060477256774902","0.5060477256774902"
"13980","0.21901395916938782","0.21901395916938782","0.21901395916938782","0.21679925918579102","0.21679925918579102","0.21679925918579102"
"13990","0.3530002236366272","0.3530002236366272","0.3530002236366272","0.3502095937728882","0.3502095937728882","0.3502095937728882"
"14000","0.5155659317970276","0.5155659317970276","0.5155659317970276","0.5122787356376648","0.5122787356376648","0.5122787356376648"
"14010","0.5926996469497681","0.5926996469497681","0.5926996469497681","0.5916324257850647","0.5916324257850647","0.5916324257850647"
"14020","0.3112142086029053","0.3112142086029053","0.3112142086029053","0.30711865425109863","0.30711865425109863","0.30711865425109863"
"14030","0.4157780408859253","0.4157780408859253","0.4157780408859253","0.40903621912002563","0.40903621912002563","0.40903621912002563"
"14040","0.3954952359199524","0.3954952359199524","0.3954952359199524","0.39399951696395874","0.39399951696395874","0.39399951696395874"
"14050","0.368875652551651","0.368875652551651","0.368875652551651","0.36084797978401184","0.36084797978401184","0.36084797978401184"
"14060","0.4188351035118103","0.4188351035118103","0.4188351035118103","0.4163725674152374","0.4163725674152374","0.4163725674152374"
"14070","0.46689629554748535","0.46689629554748535","0.46689629554748535","0.4646367132663727","0.4646367132663727","0.4646367132663727"
"14080","0.28199517726898193","0.28199517726898193","0.28199517726898193","0.27948716282844543","0.27948716282844543","0.27948716282844543"
"14090","0.3322194814682007","0.3322194814682007","0.3322194814682007","0.32883965969085693","0.32883965969085693","0.32883965969085693"
"14100","0.38798633217811584","0.38798633217811584","0.38798633217811584","0.38567882776260376","0.38567882776260376","0.38567882776260376"
"14110","0.368466317653656","0.368466317653656","0.368466317653656","0.3675716817378998","0.3675716817378998","0.3675716817378998"
"14120","0.2756134867668152","0.2756134867668152","0.2756134867668152","0.27426132559776306","0.27426132559776306","0.27426132559776306"
"14130","0.35434436798095703","0.35434436798095703","0.35434436798095703","0.35069069266319275","0.35069069266319275","0.35069069266319275"
"14140","0.27851587533950806","0.27851587533950806","0.27851587533950806","0.2794339954853058","0.2794339954853058","0.2794339954853058"
"14150","0.2502858638763428","0.2502858638763428","0.2502858638763428","0.24752220511436462","0.24752220511436462","0.24752220511436462"
"14160","0.3034999966621399","0.3034999966621399","0.3034999966621399","0.29632964730262756","0.29632964730262756","0.29632964730262756"
"14170","0.559089720249176","0.559089720249176","0.559089720249176","0.5555260181427002","0.5555260181427002","0.5555260181427002"
"14180","0.38968080282211304","0.38968080282211304","0.38968080282211304","0.38721323013305664","0.38721323013305664","0.38721323013305664"
"14190","0.26947760581970215","0.26947760581970215","0.26947760581970215","0.2661125361919403","0.2661125361919403","0.2661125361919403"
"14200","0.4339817464351654","0.4339817464351654","0.4339817464351654","0.4282059669494629","0.4282059669494629","0.4282059669494629"
"14210","0.46239811182022095","0.46239811182022095","0.46239811182022095","0.46210676431655884","0.46210676431655884","0.46210676431655884"
"14220","0.6211274862289429","0.6211274862289429","0.6211274862289429","0.6166715025901794","0.6166715025901794","0.6166715025901794"
"14230","0.30224132537841797","0.30224132537841797","0.30224132537841797","0.3007970452308655","0.3007970452308655","0.3007970452308655"
"14240","0.38136592507362366","0.38136592507362366","0.38136592507362366","0.3801150321960449","0.3801150321960449","0.3801150321960449"
"14250","0.4537355303764343","0.4537355303764343","0.4537355303764343","0.4516037106513977","0.4516037106513977","0.4516037106513977"
"14260","0.2361859381198883","0.2361859381198883","0.2361859381198883","0.2354988306760788","0.2354988306760788","0.2354988306760788"
"14270","0.4000507593154907","0.4000507593154907","0.4000507593154907","0.3969060480594635","0.3969060480594635","0.3969060480594635"
"14280","0.4582917094230652","0.4582917094230652","0.4582917094230652","0.4532938003540039","0.4532938003540039","0.4532938003540039"
"14290","0.6728384494781494","0.6728384494781494","0.6728384494781494","0.6685171723365784","0.6685171723365784","0.6685171723365784"
"14300","0.3385033905506134","0.3385033905506134","0.3385033905506134","0.3358733654022217","0.3358733654022217","0.3358733654022217"
"14310","0.3605092763900757","0.3605092763900757","0.3605092763900757","0.363517701625824","0.363517701625824","0.363517701625824"
"14320","0.4982075095176697","0.4982075095176697","0.4982075095176697","0.4930785596370697","0.4930785596370697","0.4930785596370697"
"14330","0.3467980623245239","0.3467980623245239","0.3467980623245239","0.34342437982559204","0.34342437982559204","0.34342437982559204"
"14340","0.3690626323223114","0.3690626323223114","0.3690626323223114","0.3709292709827423","0.3709292709827423","0.3709292709827423"
"14350","0.2824016213417053","0.2824016213417053","0.2824016213417053","0.27966248989105225","0.27966248989105225","0.27966248989105225"
"14360","0.22239871323108673","0.22239871323108673","0.22239871323108673","0.22125214338302612","0.22125214338302612","0.22125214338302612"
"14370","0.38455361127853394","0.38455361127853394","0.38455361127853394","0.38243943452835083","0.38243943452835083","0.38243943452835083"
"14380","0.351073682308197","0.351073682308197","0.351073682308197","0.35119152069091797","0.35119152069091797","0.35119152069091797"
"14390","0.34163951873779297","0.34163951873779297","0.34163951873779297","0.3425809442996979","0.3425809442996979","0.3425809442996979"
"14400","0.4503385126590729","0.4503385126590729","0.4503385126590729","0.44973891973495483","0.44973891973495483","0.44973891973495483"
"14410","0.45244279503822327","0.45244279503822327","0.45244279503822327","0.4494818449020386","0.4494818449020386","0.4494818449020386"
"14420","0.3790813982486725","0.3790813982486725","0.3790813982486725","0.37574541568756104","0.37574541568756104","0.37574541568756104"
"14430","0.2548067271709442","0.2548067271709442","0.2548067271709442","0.25373896956443787","0.25373896956443787","0.25373896956443787"
"14440","0.34793609380722046","0.34793609380722046","0.34793609380722046","0.34782013297080994","0.34782013297080994","0.34782013297080994"
"14450","0.41214942932128906","0.41214942932128906","0.41214942932128906","0.4110961854457855","0.4110961854457855","0.4110961854457855"
"14460","0.2163739800453186","0.2163739800453186","0.2163739800453186","0.21698132157325745","0.21698132157325745","0.21698132157325745"
"14470","0.3159557580947876","0.3159557580947876","0.3159557580947876","0.3144007623195648","0.3144007623195648","0.3144007623195648"
"14480","0.21548156440258026","0.21548156440258026","0.21548156440258026","0.21280896663665771","0.21280896663665771","0.21280896663665771"
"14490","0.44078654050827026","0.44078654050827026","0.44078654050827026","0.4344780445098877","0.4344780445098877","0.4344780445098877"
"14500","0.26382094621658325","0.26382094621658325","0.26382094621658325","0.26092585921287537","0.26092585921287537","0.26092585921287537"
"14510","0.23598991334438324","0.23598991334438324","0.23598991334438324","0.23571686446666718","0.23571686446666718","0.23571686446666718"
"14520","0.42368704080581665","0.42368704080581665","0.42368704080581665","0.42093992233276367","0.42093992233276367","0.42093992233276367"
"14530","0.09564904123544693","0.09564904123544693","0.09564904123544693","0.09419441223144531","0.09419441223144531","0.09419441223144531"
"14540","0.41836944222450256","0.41836944222450256","0.41836944222450256","0.4138704538345337","0.4138704538345337","0.4138704538345337"
"14550","0.4297937750816345","0.4297937750816345","0.4297937750816345","0.425962895154953","0.425962895154953","0.425962895154953"
"14560","0.3661041259765625","0.3661041259765625","0.3661041259765625","0.36243247985839844","0.36243247985839844","0.36243247985839844"
"14570","0.4264483153820038","0.4264483153820038","0.4264483153820038","0.42682814598083496","0.42682814598083496","0.42682814598083496"
"14580","0.5512198209762573","0.5512198209762573","0.5512198209762573","0.5485664010047913","0.5485664010047913","0.5485664010047913"
"14590","0.4454934895038605","0.4454934895038605","0.4454934895038605","0.44615355134010315","0.44615355134010315","0.44615355134010315"
"14600","0.5410535931587219","0.5410535931587219","0.5410535931587219","0.540810227394104","0.540810227394104","0.540810227394104"
"14610","0.3719998598098755","0.3719998598098755","0.3719998598098755","0.37126225233078003","0.37126225233078003","0.37126225233078003"
"14620","0.4296542704105377","0.4296542704105377","0.4296542704105377","0.4237939715385437","0.4237939715385437","0.4237939715385437"
"14630","0.4215712547302246","0.4215712547302246","0.4215712547302246","0.419156938791275","0.419156938791275","0.419156938791275"
"14640","0.595871090888977","0.595871090888977","0.595871090888977","0.5949069261550903","0.5949069261550903","0.5949069261550903"
"14650","0.2273697406053543","0.2273697406053543","0.2273697406053543","0.22571729123592377","0.22571729123592377","0.22571729123592377"
"14660","0.1530863344669342","0.1530863344669342","0.1530863344669342","0.15114223957061768","0.15114223957061768","0.15114223957061768"
"14670","0.3304975628852844","0.3304975628852844","0.3304975628852844","0.3296603858470917","0.3296603858470917","0.3296603858470917"
"14680","0.4230331480503082","0.4230331480503082","0.4230331480503082","0.4190261960029602","0.4190261960029602","0.4190261960029602"
"14690","0.4608355164527893","0.4608355164527893","0.4608355164527893","0.45929446816444397","0.45929446816444397","0.45929446816444397"
"14700","0.2907029092311859","0.2907029092311859","0.2907029092311859","0.28875041007995605","0.28875041007995605","0.28875041007995605"
"14710","0.3955446183681488","0.3955446183681488","0.3955446183681488","0.3863191604614258","0.3863191604614258","0.3863191604614258"
"14720","0.3152371346950531","0.3152371346950531","0.3152371346950531","0.31185051798820496","0.31185051798820496","0.31185051798820496"
"14730","0.372325599193573","0.372325599193573","0.372325599193573","0.3670116066932678","0.3670116066932678","0.3670116066932678"
"14740","0.3179810643196106","0.3179810643196106","0.3179810643196106","0.3173321485519409","0.3173321485519409","0.3173321485519409"
"14750","0.4265526533126831","0.4265526533126831","0.4265526533126831","0.4260410666465759","0.4260410666465759","0.4260410666465759"
"14760","0.34477105736732483","0.34477105736732483","0.34477105736732483","0.343638151884079","0.343638151884079","0.343638151884079"
"14770","0.16496551036834717","0.16496551036834717","0.16496551036834717","0.16077062487602234","0.16077062487602234","0.16077062487602234"
"14780","0.46215611696243286","0.46215611696243286","0.46215611696243286","0.4624059796333313","0.4624059796333313","0.4624059796333313"
"14790","0.31544649600982666","0.31544649600982666","0.31544649600982666","0.3131401836872101","0.3131401836872101","0.3131401836872101"
"14800","0.20417854189872742","0.20417854189872742","0.20417854189872742","0.20038937032222748","0.20038937032222748","0.20038937032222748"
"14810","0.39221838116645813","0.39221838116645813","0.39221838116645813","0.39091724157333374","0.39091724157333374","0.39091724157333374"
"14820","0.5199819207191467","0.5199819207191467","0.5199819207191467","0.5152943134307861","0.5152943134307861","0.5152943134307861"
"14830","0.3424210250377655","0.3424210250377655","0.3424210250377655","0.3407304584980011","0.3407304584980011","0.3407304584980011"
"14840","0.26197266578674316","0.26197266578674316","0.26197266578674316","0.2629748582839966","0.2629748582839966","0.2629748582839966"
"14850","0.3610701858997345","0.3610701858997345","0.3610701858997345","0.362003356218338","0.362003356218338","0.362003356218338"
"14860","0.491054892539978","0.491054892539978","0.491054892539978","0.4865908920764923","0.4865908920764923","0.4865908920764923"
"14870","0.2788900136947632","0.2788900136947632","0.2788900136947632","0.28014522790908813","0.28014522790908813","0.28014522790908813"
"14880","0.4870287775993347","0.4870287775993347","0.4870287775993347","0.4867169260978699","0.4867169260978699","0.4867169260978699"
"14890","0.3825238347053528","0.3825238347053528","0.3825238347053528","0.3813002109527588","0.3813002109527588","0.3813002109527588"
"14900","0.2992320954799652","0.2992320954799652","0.2992320954799652","0.2980320453643799","0.2980320453643799","0.2980320453643799"
"14910","0.26982536911964417","0.26982536911964417","0.26982536911964417","0.26629745960235596","0.26629745960235596","0.26629745960235596"
"14920","0.38762977719306946","0.38762977719306946","0.38762977719306946","0.386287659406662","0.386287659406662","0.386287659406662"
"14930","0.3455047607421875","0.3455047607421875","0.3455047607421875","0.350467711687088","0.350467711687088","0.350467711687088"
"14940","0.42227083444595337","0.42227083444595337","0.42227083444595337","0.42072445154190063","0.42072445154190063","0.42072445154190063"
"14950","0.5095492601394653","0.5095492601394653","0.5095492601394653","0.506791353225708","0.506791353225708","0.506791353225708"
"14960","0.3171411454677582","0.3171411454677582","0.3171411454677582","0.31586527824401855","0.31586527824401855","0.31586527824401855"
"14970","0.3357420265674591","0.3357420265674591","0.3357420265674591","0.335425466299057","0.335425466299057","0.335425466299057"
"14980","0.4009830355644226","0.4009830355644226","0.4009830355644226","0.3997502326965332","0.3997502326965332","0.3997502326965332"
"14990","0.4340047538280487","0.4340047538280487","0.4340047538280487","0.43285030126571655","0.43285030126571655","0.43285030126571655"
"15000","0.34513261914253235","0.34513261914253235","0.34513261914253235","0.342083215713501","0.342083215713501","0.342083215713501"
"15010","0.46320849657058716","0.46320849657058716","0.46320849657058716","0.46210557222366333","0.46210557222366333","0.46210557222366333"
"15020","0.35033178329467773","0.35033178329467773","0.35033178329467773","0.34905844926834106","0.34905844926834106","0.34905844926834106"
"15030","0.528498649597168","0.528498649597168","0.528498649597168","0.5265564918518066","0.5265564918518066","0.5265564918518066"
"15040","0.3508456349372864","0.3508456349372864","0.3508456349372864","0.34789320826530457","0.34789320826530457","0.34789320826530457"
"15050","0.2041141539812088","0.2041141539812088","0.2041141539812088","0.20380108058452606","0.20380108058452606","0.20380108058452606"
"15060","0.6096404790878296","0.6096404790878296","0.6096404790878296","0.6081194877624512","0.6081194877624512","0.6081194877624512"
"15070","0.45596572756767273","0.45596572756767273","0.45596572756767273","0.44949397444725037","0.44949397444725037","0.44949397444725037"
"15080","0.4295218884944916","0.4295218884944916","0.4295218884944916","0.4239160120487213","0.4239160120487213","0.4239160120487213"